t=,3600, id=,B00, PRDE,actvstrat=,-0.223769, actvprof=,1.066111, id=,B01, PRDE,actvstrat=,0.468380, actvprof=,1.467500, id=,B02, PRDE,actvstrat=,-0.877954, actvprof=,2.127222, id=,B03, PRDE,actvstrat=,0.668294, actvprof=,1.802778, id=,B04, PRDE,actvstrat=,-0.430605, actvprof=,1.140278, id=,B05, PRDE,actvstrat=,0.152460, actvprof=,1.253611, id=,B06, PRDE,actvstrat=,0.888734, actvprof=,1.470000, id=,B07, PRDE,actvstrat=,0.740668, actvprof=,1.814167, id=,B08, PRDE,actvstrat=,0.754074, actvprof=,1.777500, id=,B09, PRDE,actvstrat=,0.944948, actvprof=,1.157778, id=,S00, PRDE,actvstrat=,0.736379, actvprof=,11.259722, id=,S01, PRDE,actvstrat=,-0.687066, actvprof=,3.829722, id=,S02, PRDE,actvstrat=,-0.599481, actvprof=,3.638056, id=,S03, PRDE,actvstrat=,0.467586, actvprof=,9.664167, id=,S04, PRDE,actvstrat=,0.875036, actvprof=,11.923333, id=,S05, PRDE,actvstrat=,-0.470519, actvprof=,4.705556, id=,S06, PRDE,actvstrat=,-0.336978, actvprof=,4.977778, id=,S07, PRDE,actvstrat=,-0.546689, actvprof=,4.462500, id=,S08, PRDE,actvstrat=,-0.605700, actvprof=,4.186944, id=,S09, PRDE,actvstrat=,0.572278, actvprof=,10.297500, best_B_id=,B02, best_B_prof=,2.127222, best_B_strat=,-0.877954, best_S_id=,S04, best_S_prof=,11.923333, best_S_strat=,0.875036, 
t=,7200, id=,B00, PRDE,actvstrat=,0.914897, actvprof=,0.000000, id=,B01, PRDE,actvstrat=,0.536651, actvprof=,0.000000, id=,B02, PRDE,actvstrat=,-0.818816, actvprof=,0.000000, id=,B03, PRDE,actvstrat=,0.386237, actvprof=,0.000000, id=,B04, PRDE,actvstrat=,0.224296, actvprof=,0.000000, id=,B05, PRDE,actvstrat=,-0.231485, actvprof=,0.000000, id=,B06, PRDE,actvstrat=,0.790495, actvprof=,0.000000, id=,B07, PRDE,actvstrat=,0.679792, actvprof=,0.000000, id=,B08, PRDE,actvstrat=,-0.476852, actvprof=,0.000000, id=,B09, PRDE,actvstrat=,0.806528, actvprof=,0.000000, id=,S00, PRDE,actvstrat=,0.012188, actvprof=,0.000000, id=,S01, PRDE,actvstrat=,-0.786192, actvprof=,0.000000, id=,S02, PRDE,actvstrat=,-0.758640, actvprof=,0.000000, id=,S03, PRDE,actvstrat=,0.909814, actvprof=,0.000000, id=,S04, PRDE,actvstrat=,0.329912, actvprof=,0.000000, id=,S05, PRDE,actvstrat=,0.535416, actvprof=,0.000000, id=,S06, PRDE,actvstrat=,-0.074126, actvprof=,0.000000, id=,S07, PRDE,actvstrat=,0.985899, actvprof=,0.000000, id=,S08, PRDE,actvstrat=,0.935270, actvprof=,0.000000, id=,S09, PRDE,actvstrat=,-0.516660, actvprof=,0.000000, best_B_id=,B00, best_B_prof=,0.000000, best_B_strat=,0.914897, best_S_id=,S00, best_S_prof=,0.000000, best_S_strat=,0.012188, 
t=,10800, id=,B00, PRDE,actvstrat=,0.914897, actvprof=,1.504146, id=,B01, PRDE,actvstrat=,0.536651, actvprof=,2.511076, id=,B02, PRDE,actvstrat=,-0.818816, actvprof=,3.133568, id=,B03, PRDE,actvstrat=,0.386237, actvprof=,2.331079, id=,B04, PRDE,actvstrat=,0.224296, actvprof=,2.076082, id=,B05, PRDE,actvstrat=,-0.231485, actvprof=,1.642477, id=,B06, PRDE,actvstrat=,0.790495, actvprof=,2.221080, id=,B07, PRDE,actvstrat=,0.679792, actvprof=,2.319690, id=,B08, PRDE,actvstrat=,-0.476852, actvprof=,1.859974, id=,B09, PRDE,actvstrat=,0.806528, actvprof=,2.257469, id=,S00, PRDE,actvstrat=,0.012188, actvprof=,6.960181, id=,S01, PRDE,actvstrat=,-0.786192, actvprof=,1.778864, id=,S02, PRDE,actvstrat=,-0.758640, actvprof=,1.892474, id=,S03, PRDE,actvstrat=,0.909814, actvprof=,11.351231, id=,S04, PRDE,actvstrat=,0.329912, actvprof=,8.258219, id=,S05, PRDE,actvstrat=,0.535416, actvprof=,9.187095, id=,S06, PRDE,actvstrat=,-0.074126, actvprof=,6.137970, id=,S07, PRDE,actvstrat=,0.985899, actvprof=,10.967625, id=,S08, PRDE,actvstrat=,0.935270, actvprof=,11.004014, id=,S09, PRDE,actvstrat=,-0.516660, actvprof=,3.515507, best_B_id=,B02, best_B_prof=,3.133568, best_B_strat=,-0.818816, best_S_id=,S03, best_S_prof=,11.351231, best_S_strat=,0.909814, 
t=,14400, id=,B00, PRDE,actvstrat=,-0.142416, actvprof=,0.000000, id=,B01, PRDE,actvstrat=,0.216151, actvprof=,0.000000, id=,B02, PRDE,actvstrat=,0.961871, actvprof=,0.000000, id=,B03, PRDE,actvstrat=,0.120477, actvprof=,0.000000, id=,B04, PRDE,actvstrat=,-0.998511, actvprof=,0.000000, id=,B05, PRDE,actvstrat=,-0.356245, actvprof=,0.000000, id=,B06, PRDE,actvstrat=,-0.569722, actvprof=,0.000000, id=,B07, PRDE,actvstrat=,0.709708, actvprof=,0.000000, id=,B08, PRDE,actvstrat=,-0.476852, actvprof=,0.000000, id=,B09, PRDE,actvstrat=,0.806528, actvprof=,0.000000, id=,S00, PRDE,actvstrat=,0.736039, actvprof=,0.000000, id=,S01, PRDE,actvstrat=,0.902160, actvprof=,0.000000, id=,S02, PRDE,actvstrat=,-0.781343, actvprof=,0.000000, id=,S03, PRDE,actvstrat=,-0.550462, actvprof=,0.000000, id=,S04, PRDE,actvstrat=,-0.637026, actvprof=,0.000000, id=,S05, PRDE,actvstrat=,-0.667177, actvprof=,0.000000, id=,S06, PRDE,actvstrat=,-0.314626, actvprof=,0.000000, id=,S07, PRDE,actvstrat=,-0.117899, actvprof=,0.000000, id=,S08, PRDE,actvstrat=,0.382267, actvprof=,0.000000, id=,S09, PRDE,actvstrat=,-0.277706, actvprof=,0.000000, best_B_id=,B00, best_B_prof=,0.000000, best_B_strat=,-0.142416, best_S_id=,S00, best_S_prof=,0.000000, best_S_strat=,0.736039, 
t=,18000, id=,B00, PRDE,actvstrat=,-0.142416, actvprof=,0.955820, id=,B01, PRDE,actvstrat=,0.216151, actvprof=,1.181095, id=,B02, PRDE,actvstrat=,0.961871, actvprof=,0.836099, id=,B03, PRDE,actvstrat=,0.120477, actvprof=,1.050541, id=,B04, PRDE,actvstrat=,-0.998511, actvprof=,1.698032, id=,B05, PRDE,actvstrat=,-0.356245, actvprof=,0.931654, id=,B06, PRDE,actvstrat=,-0.569722, actvprof=,1.082763, id=,B07, PRDE,actvstrat=,0.709708, actvprof=,1.449424, id=,B08, PRDE,actvstrat=,-0.476852, actvprof=,0.914154, id=,B09, PRDE,actvstrat=,0.806528, actvprof=,1.608867, id=,S00, PRDE,actvstrat=,0.736039, actvprof=,10.775128, id=,S01, PRDE,actvstrat=,0.902160, actvprof=,11.830113, id=,S02, PRDE,actvstrat=,-0.781343, actvprof=,1.619144, id=,S03, PRDE,actvstrat=,-0.550462, actvprof=,3.489118, id=,S04, PRDE,actvstrat=,-0.637026, actvprof=,3.216344, id=,S05, PRDE,actvstrat=,-0.667177, actvprof=,3.209678, id=,S06, PRDE,actvstrat=,-0.314626, actvprof=,3.597450, id=,S07, PRDE,actvstrat=,-0.117899, actvprof=,5.024097, id=,S08, PRDE,actvstrat=,0.382267, actvprof=,8.886821, id=,S09, PRDE,actvstrat=,-0.277706, actvprof=,4.220497, best_B_id=,B04, best_B_prof=,1.698032, best_B_strat=,-0.998511, best_S_id=,S01, best_S_prof=,11.830113, best_S_strat=,0.902160, 
t=,21600, id=,B00, PRDE,actvstrat=,-0.142416, actvprof=,0.971535, id=,B01, PRDE,actvstrat=,0.216151, actvprof=,1.221536, id=,B02, PRDE,actvstrat=,0.961871, actvprof=,0.859034, id=,B03, PRDE,actvstrat=,0.120477, actvprof=,1.064174, id=,B04, PRDE,actvstrat=,-0.998511, actvprof=,1.700567, id=,B05, PRDE,actvstrat=,-0.356245, actvprof=,1.021118, id=,B06, PRDE,actvstrat=,-0.569722, actvprof=,1.102647, id=,B07, PRDE,actvstrat=,0.709708, actvprof=,1.545983, id=,B08, PRDE,actvstrat=,-0.476852, actvprof=,1.022368, id=,B09, PRDE,actvstrat=,0.806528, actvprof=,1.663900, id=,S00, PRDE,actvstrat=,0.736039, actvprof=,10.821186, id=,S01, PRDE,actvstrat=,0.902160, actvprof=,11.762998, id=,S02, PRDE,actvstrat=,-0.781343, actvprof=,1.593067, id=,S03, PRDE,actvstrat=,-0.550462, actvprof=,3.672942, id=,S04, PRDE,actvstrat=,-0.637026, actvprof=,3.290440, id=,S05, PRDE,actvstrat=,-0.667177, actvprof=,3.048632, id=,S06, PRDE,actvstrat=,-0.314626, actvprof=,3.883360, id=,S07, PRDE,actvstrat=,-0.117899, actvprof=,5.143508, id=,S08, PRDE,actvstrat=,0.382267, actvprof=,8.681033, id=,S09, PRDE,actvstrat=,-0.277706, actvprof=,4.163779, best_B_id=,B04, best_B_prof=,1.700567, best_B_strat=,-0.998511, best_S_id=,S01, best_S_prof=,11.762998, best_S_strat=,0.902160, 
t=,25200, id=,B00, PRDE,actvstrat=,-0.534913, actvprof=,3.794880, id=,B01, PRDE,actvstrat=,-0.375088, actvprof=,3.619040, id=,B02, PRDE,actvstrat=,-0.204864, actvprof=,3.340139, id=,B03, PRDE,actvstrat=,0.091630, actvprof=,3.406531, id=,B04, PRDE,actvstrat=,-0.390689, actvprof=,3.659319, id=,B05, PRDE,actvstrat=,0.016229, actvprof=,3.281526, id=,B06, PRDE,actvstrat=,-0.305716, actvprof=,3.199856, id=,B07, PRDE,actvstrat=,0.335589, actvprof=,3.869606, id=,B08, PRDE,actvstrat=,0.245253, actvprof=,3.727655, id=,B09, PRDE,actvstrat=,0.133388, actvprof=,3.470145, id=,S00, PRDE,actvstrat=,0.012188, actvprof=,4.301846, id=,S01, PRDE,actvstrat=,-0.714166, actvprof=,1.819242, id=,S02, PRDE,actvstrat=,-0.234672, actvprof=,2.728169, id=,S03, PRDE,actvstrat=,0.909814, actvprof=,8.712030, id=,S04, PRDE,actvstrat=,-0.900499, actvprof=,0.842535, id=,S05, PRDE,actvstrat=,0.465690, actvprof=,6.245538, id=,S06, PRDE,actvstrat=,0.693164, actvprof=,7.795603, id=,S07, PRDE,actvstrat=,0.386710, actvprof=,6.148034, id=,S08, PRDE,actvstrat=,0.987752, actvprof=,8.179230, id=,S09, PRDE,actvstrat=,0.572278, actvprof=,6.840563, best_B_id=,B07, best_B_prof=,3.869606, best_B_strat=,0.335589, best_S_id=,S03, best_S_prof=,8.712030, best_S_strat=,0.909814, 
t=,28800, id=,B00, PRDE,actvstrat=,-0.534913, actvprof=,3.729913, id=,B01, PRDE,actvstrat=,-0.375088, actvprof=,3.532688, id=,B02, PRDE,actvstrat=,-0.204864, actvprof=,3.346852, id=,B03, PRDE,actvstrat=,0.091630, actvprof=,3.416436, id=,B04, PRDE,actvstrat=,-0.390689, actvprof=,3.716996, id=,B05, PRDE,actvstrat=,0.016229, actvprof=,3.245462, id=,B06, PRDE,actvstrat=,-0.305716, actvprof=,3.261573, id=,B07, PRDE,actvstrat=,0.335589, actvprof=,3.783525, id=,B08, PRDE,actvstrat=,0.245253, actvprof=,3.673523, id=,B09, PRDE,actvstrat=,0.133388, actvprof=,3.501299, id=,S00, PRDE,actvstrat=,0.012188, actvprof=,4.483673, id=,S01, PRDE,actvstrat=,-0.714166, actvprof=,1.621411, id=,S02, PRDE,actvstrat=,-0.234672, actvprof=,2.603786, id=,S03, PRDE,actvstrat=,0.909814, actvprof=,8.630259, id=,S04, PRDE,actvstrat=,-0.900499, actvprof=,0.819456, id=,S05, PRDE,actvstrat=,0.465690, actvprof=,6.373144, id=,S06, PRDE,actvstrat=,0.693164, actvprof=,7.718024, id=,S07, PRDE,actvstrat=,0.386710, actvprof=,6.095918, id=,S08, PRDE,actvstrat=,0.987752, actvprof=,7.993583, id=,S09, PRDE,actvstrat=,0.572278, actvprof=,6.987041, best_B_id=,B07, best_B_prof=,3.783525, best_B_strat=,0.335589, best_S_id=,S03, best_S_prof=,8.630259, best_S_strat=,0.909814, 
t=,32400, id=,B00, PRDE,actvstrat=,0.299288, actvprof=,2.933300, id=,B01, PRDE,actvstrat=,-0.449507, actvprof=,2.797733, id=,B02, PRDE,actvstrat=,-0.479846, actvprof=,2.934967, id=,B03, PRDE,actvstrat=,0.133582, actvprof=,2.721060, id=,B04, PRDE,actvstrat=,0.601465, actvprof=,3.268606, id=,B05, PRDE,actvstrat=,0.537247, actvprof=,3.369447, id=,B06, PRDE,actvstrat=,-0.327983, actvprof=,2.959691, id=,B07, PRDE,actvstrat=,-0.913083, actvprof=,4.107287, id=,B08, PRDE,actvstrat=,-0.576937, actvprof=,3.102203, id=,B09, PRDE,actvstrat=,0.788243, actvprof=,3.130261, id=,S00, PRDE,actvstrat=,-0.861737, actvprof=,0.682279, id=,S01, PRDE,actvstrat=,0.107714, actvprof=,5.471011, id=,S02, PRDE,actvstrat=,-0.733991, actvprof=,1.799039, id=,S03, PRDE,actvstrat=,0.707807, actvprof=,8.650443, id=,S04, PRDE,actvstrat=,0.996155, actvprof=,9.225769, id=,S05, PRDE,actvstrat=,0.664353, actvprof=,8.429591, id=,S06, PRDE,actvstrat=,0.867904, actvprof=,9.571631, id=,S07, PRDE,actvstrat=,-0.924289, actvprof=,0.805067, id=,S08, PRDE,actvstrat=,0.932425, actvprof=,9.664694, id=,S09, PRDE,actvstrat=,0.572278, actvprof=,7.783704, best_B_id=,B07, best_B_prof=,4.107287, best_B_strat=,-0.913083, best_S_id=,S08, best_S_prof=,9.664694, best_S_strat=,0.932425, 
t=,36000, id=,B00, PRDE,actvstrat=,0.299288, actvprof=,3.055822, id=,B01, PRDE,actvstrat=,-0.449507, actvprof=,2.811367, id=,B02, PRDE,actvstrat=,-0.479846, actvprof=,3.010125, id=,B03, PRDE,actvstrat=,0.133582, actvprof=,2.762476, id=,B04, PRDE,actvstrat=,0.601465, actvprof=,3.328611, id=,B05, PRDE,actvstrat=,0.537247, actvprof=,3.440004, id=,B06, PRDE,actvstrat=,-0.327983, actvprof=,2.926372, id=,B07, PRDE,actvstrat=,-0.913083, actvprof=,4.188647, id=,B08, PRDE,actvstrat=,-0.576937, actvprof=,3.272775, id=,B09, PRDE,actvstrat=,0.788243, actvprof=,3.065267, id=,S00, PRDE,actvstrat=,-0.861737, actvprof=,0.797811, id=,S01, PRDE,actvstrat=,0.107714, actvprof=,5.328000, id=,S02, PRDE,actvstrat=,-0.733991, actvprof=,1.755351, id=,S03, PRDE,actvstrat=,0.707807, actvprof=,8.663000, id=,S04, PRDE,actvstrat=,0.996155, actvprof=,9.206217, id=,S05, PRDE,actvstrat=,0.664353, actvprof=,8.559107, id=,S06, PRDE,actvstrat=,0.867904, actvprof=,9.619151, id=,S07, PRDE,actvstrat=,-0.924289, actvprof=,0.827257, id=,S08, PRDE,actvstrat=,0.932425, actvprof=,9.587622, id=,S09, PRDE,actvstrat=,0.572278, actvprof=,7.576705, best_B_id=,B07, best_B_prof=,4.188647, best_B_strat=,-0.913083, best_S_id=,S06, best_S_prof=,9.619151, best_S_strat=,0.867904, 
t=,39600, id=,B00, PRDE,actvstrat=,-0.462853, actvprof=,3.305553, id=,B01, PRDE,actvstrat=,0.762876, actvprof=,3.301664, id=,B02, PRDE,actvstrat=,-0.579603, actvprof=,3.219713, id=,B03, PRDE,actvstrat=,-0.506642, actvprof=,3.306387, id=,B04, PRDE,actvstrat=,0.953601, actvprof=,1.740145, id=,B05, PRDE,actvstrat=,0.752756, actvprof=,3.136095, id=,B06, PRDE,actvstrat=,-0.863152, actvprof=,4.562047, id=,B07, PRDE,actvstrat=,-0.610884, actvprof=,3.727533, id=,B08, PRDE,actvstrat=,-0.098034, actvprof=,3.028030, id=,B09, PRDE,actvstrat=,-0.649640, actvprof=,3.813929, id=,S00, PRDE,actvstrat=,0.989907, actvprof=,9.276606, id=,S01, PRDE,actvstrat=,-0.714166, actvprof=,1.808762, id=,S02, PRDE,actvstrat=,0.956211, actvprof=,9.232992, id=,S03, PRDE,actvstrat=,0.786243, actvprof=,9.364947, id=,S04, PRDE,actvstrat=,-0.114958, actvprof=,3.790594, id=,S05, PRDE,actvstrat=,-0.679875, actvprof=,2.214907, id=,S06, PRDE,actvstrat=,0.974775, actvprof=,9.275217, id=,S07, PRDE,actvstrat=,0.474569, actvprof=,6.724727, id=,S08, PRDE,actvstrat=,-0.774314, actvprof=,1.133150, id=,S09, PRDE,actvstrat=,0.847138, actvprof=,9.511626, best_B_id=,B06, best_B_prof=,4.562047, best_B_strat=,-0.863152, best_S_id=,S09, best_S_prof=,9.511626, best_S_strat=,0.847138, 
t=,43200, id=,B00, PRDE,actvstrat=,-0.462853, actvprof=,3.473339, id=,B01, PRDE,actvstrat=,0.762876, actvprof=,3.243468, id=,B02, PRDE,actvstrat=,-0.579603, actvprof=,3.396253, id=,B03, PRDE,actvstrat=,-0.506642, actvprof=,3.315833, id=,B04, PRDE,actvstrat=,0.953601, actvprof=,1.712016, id=,B05, PRDE,actvstrat=,0.752756, actvprof=,3.320138, id=,B06, PRDE,actvstrat=,-0.863152, actvprof=,4.643110, id=,B07, PRDE,actvstrat=,-0.610884, actvprof=,3.648763, id=,B08, PRDE,actvstrat=,-0.098034, actvprof=,2.926233, id=,B09, PRDE,actvstrat=,-0.649640, actvprof=,3.800297, id=,S00, PRDE,actvstrat=,0.989907, actvprof=,9.253858, id=,S01, PRDE,actvstrat=,-0.714166, actvprof=,1.626179, id=,S02, PRDE,actvstrat=,0.956211, actvprof=,9.347056, id=,S03, PRDE,actvstrat=,0.786243, actvprof=,9.213439, id=,S04, PRDE,actvstrat=,-0.114958, actvprof=,3.938081, id=,S05, PRDE,actvstrat=,-0.679875, actvprof=,2.338709, id=,S06, PRDE,actvstrat=,0.974775, actvprof=,9.261358, id=,S07, PRDE,actvstrat=,0.474569, actvprof=,6.799867, id=,S08, PRDE,actvstrat=,-0.774314, actvprof=,1.329500, id=,S09, PRDE,actvstrat=,0.847138, actvprof=,9.483173, best_B_id=,B06, best_B_prof=,4.643110, best_B_strat=,-0.863152, best_S_id=,S09, best_S_prof=,9.483173, best_S_strat=,0.847138, 
t=,46800, id=,B00, PRDE,actvstrat=,-0.534913, actvprof=,2.981165, id=,B01, PRDE,actvstrat=,0.014561, actvprof=,2.562507, id=,B02, PRDE,actvstrat=,-0.579603, actvprof=,3.048394, id=,B03, PRDE,actvstrat=,-0.008206, actvprof=,2.824758, id=,B04, PRDE,actvstrat=,-0.390689, actvprof=,2.464163, id=,B05, PRDE,actvstrat=,-0.598424, actvprof=,3.215357, id=,B06, PRDE,actvstrat=,0.942262, actvprof=,1.906601, id=,B07, PRDE,actvstrat=,0.103504, actvprof=,2.661407, id=,B08, PRDE,actvstrat=,-0.563933, actvprof=,2.801145, id=,B09, PRDE,actvstrat=,0.958102, actvprof=,1.719358, id=,S00, PRDE,actvstrat=,0.598771, actvprof=,7.926714, id=,S01, PRDE,actvstrat=,0.208423, actvprof=,5.942327, id=,S02, PRDE,actvstrat=,-0.191091, actvprof=,3.473441, id=,S03, PRDE,actvstrat=,0.786243, actvprof=,9.395488, id=,S04, PRDE,actvstrat=,-0.256867, actvprof=,3.583176, id=,S05, PRDE,actvstrat=,0.643242, actvprof=,8.283420, id=,S06, PRDE,actvstrat=,0.652731, actvprof=,8.100622, id=,S07, PRDE,actvstrat=,0.386710, actvprof=,7.122458, id=,S08, PRDE,actvstrat=,-0.307581, actvprof=,3.190632, id=,S09, PRDE,actvstrat=,-0.177067, actvprof=,3.450939, best_B_id=,B05, best_B_prof=,3.215357, best_B_strat=,-0.598424, best_S_id=,S03, best_S_prof=,9.395488, best_S_strat=,0.786243, 
t=,50400, id=,B00, PRDE,actvstrat=,-0.534913, actvprof=,2.823490, id=,B01, PRDE,actvstrat=,0.014561, actvprof=,2.667370, id=,B02, PRDE,actvstrat=,-0.579603, actvprof=,2.947247, id=,B03, PRDE,actvstrat=,-0.008206, actvprof=,2.736958, id=,B04, PRDE,actvstrat=,-0.390689, actvprof=,2.607089, id=,B05, PRDE,actvstrat=,-0.598424, actvprof=,3.193372, id=,B06, PRDE,actvstrat=,0.942262, actvprof=,1.918440, id=,B07, PRDE,actvstrat=,0.103504, actvprof=,2.656953, id=,B08, PRDE,actvstrat=,-0.563933, actvprof=,2.810017, id=,B09, PRDE,actvstrat=,0.958102, actvprof=,1.717734, id=,S00, PRDE,actvstrat=,0.598771, actvprof=,7.939469, id=,S01, PRDE,actvstrat=,0.208423, actvprof=,5.994916, id=,S02, PRDE,actvstrat=,-0.191091, actvprof=,3.531030, id=,S03, PRDE,actvstrat=,0.786243, actvprof=,9.401217, id=,S04, PRDE,actvstrat=,-0.256867, actvprof=,3.447830, id=,S05, PRDE,actvstrat=,0.643242, actvprof=,8.342130, id=,S06, PRDE,actvstrat=,0.652731, actvprof=,8.204206, id=,S07, PRDE,actvstrat=,0.386710, actvprof=,7.141786, id=,S08, PRDE,actvstrat=,-0.307581, actvprof=,3.030446, id=,S09, PRDE,actvstrat=,-0.177067, actvprof=,3.693122, best_B_id=,B05, best_B_prof=,3.193372, best_B_strat=,-0.598424, best_S_id=,S03, best_S_prof=,9.401217, best_S_strat=,0.786243, 
t=,54000, id=,B00, PRDE,actvstrat=,-0.885441, actvprof=,1.971440, id=,B01, PRDE,actvstrat=,0.762876, actvprof=,1.945880, id=,B02, PRDE,actvstrat=,0.172904, actvprof=,1.262433, id=,B03, PRDE,actvstrat=,0.563676, actvprof=,1.671945, id=,B04, PRDE,actvstrat=,0.224296, actvprof=,1.319664, id=,B05, PRDE,actvstrat=,-0.484839, actvprof=,1.013780, id=,B06, PRDE,actvstrat=,-0.821725, actvprof=,1.501639, id=,B07, PRDE,actvstrat=,-0.814008, actvprof=,1.516919, id=,B08, PRDE,actvstrat=,-0.309889, actvprof=,0.889315, id=,B09, PRDE,actvstrat=,-0.884695, actvprof=,2.253431, id=,S00, PRDE,actvstrat=,0.117589, actvprof=,6.582208, id=,S01, PRDE,actvstrat=,-0.527422, actvprof=,3.208312, id=,S02, PRDE,actvstrat=,0.689477, actvprof=,9.741901, id=,S03, PRDE,actvstrat=,-0.138743, actvprof=,3.804245, id=,S04, PRDE,actvstrat=,-0.900499, actvprof=,0.180308, id=,S05, PRDE,actvstrat=,-0.636275, actvprof=,2.546536, id=,S06, PRDE,actvstrat=,-0.240930, actvprof=,3.598378, id=,S07, PRDE,actvstrat=,-0.147440, actvprof=,4.117909, id=,S08, PRDE,actvstrat=,0.001617, actvprof=,5.820415, id=,S09, PRDE,actvstrat=,0.020940, actvprof=,6.019059, best_B_id=,B09, best_B_prof=,2.253431, best_B_strat=,-0.884695, best_S_id=,S02, best_S_prof=,9.741901, best_S_strat=,0.689477, 
t=,57600, id=,B00, PRDE,actvstrat=,-0.885441, actvprof=,1.989610, id=,B01, PRDE,actvstrat=,0.762876, actvprof=,2.037670, id=,B02, PRDE,actvstrat=,0.172904, actvprof=,1.265244, id=,B03, PRDE,actvstrat=,0.563676, actvprof=,1.739867, id=,B04, PRDE,actvstrat=,0.224296, actvprof=,1.410256, id=,B05, PRDE,actvstrat=,-0.484839, actvprof=,1.054255, id=,B06, PRDE,actvstrat=,-0.821725, actvprof=,1.479984, id=,B07, PRDE,actvstrat=,-0.814008, actvprof=,1.469567, id=,B08, PRDE,actvstrat=,-0.309889, actvprof=,0.860905, id=,B09, PRDE,actvstrat=,-0.884695, actvprof=,2.062116, id=,S00, PRDE,actvstrat=,0.117589, actvprof=,6.138012, id=,S01, PRDE,actvstrat=,-0.527422, actvprof=,2.964969, id=,S02, PRDE,actvstrat=,0.689477, actvprof=,9.479262, id=,S03, PRDE,actvstrat=,-0.138743, actvprof=,4.210490, id=,S04, PRDE,actvstrat=,-0.900499, actvprof=,0.276968, id=,S05, PRDE,actvstrat=,-0.636275, actvprof=,2.528405, id=,S06, PRDE,actvstrat=,-0.240930, actvprof=,3.550990, id=,S07, PRDE,actvstrat=,-0.147440, actvprof=,4.007556, id=,S08, PRDE,actvstrat=,0.001617, actvprof=,5.756869, id=,S09, PRDE,actvstrat=,0.020940, actvprof=,6.033142, best_B_id=,B09, best_B_prof=,2.062116, best_B_strat=,-0.884695, best_S_id=,S02, best_S_prof=,9.479262, best_S_strat=,0.689477, 
t=,61200, id=,B00, PRDE,actvstrat=,0.772875, actvprof=,1.855031, id=,B01, PRDE,actvstrat=,0.648390, actvprof=,1.688615, id=,B02, PRDE,actvstrat=,0.899304, actvprof=,1.515530, id=,B03, PRDE,actvstrat=,0.386237, actvprof=,1.516364, id=,B04, PRDE,actvstrat=,-0.390689, actvprof=,1.214091, id=,B05, PRDE,actvstrat=,-0.163867, actvprof=,1.251875, id=,B06, PRDE,actvstrat=,0.401245, actvprof=,1.743902, id=,B07, PRDE,actvstrat=,0.360269, actvprof=,1.510530, id=,B08, PRDE,actvstrat=,0.790250, actvprof=,1.641940, id=,B09, PRDE,actvstrat=,-0.884695, actvprof=,2.210368, id=,S00, PRDE,actvstrat=,0.050837, actvprof=,6.950603, id=,S01, PRDE,actvstrat=,0.081238, actvprof=,7.020059, id=,S02, PRDE,actvstrat=,-0.234672, actvprof=,4.256821, id=,S03, PRDE,actvstrat=,-0.856833, actvprof=,0.744013, id=,S04, PRDE,actvstrat=,0.398292, actvprof=,8.740068, id=,S05, PRDE,actvstrat=,-0.831818, actvprof=,1.056565, id=,S06, PRDE,actvstrat=,0.693164, actvprof=,10.821248, id=,S07, PRDE,actvstrat=,0.862414, actvprof=,11.704173, id=,S08, PRDE,actvstrat=,0.511870, actvprof=,9.347947, id=,S09, PRDE,actvstrat=,0.020940, actvprof=,6.779741, best_B_id=,B09, best_B_prof=,2.210368, best_B_strat=,-0.884695, best_S_id=,S07, best_S_prof=,11.704173, best_S_strat=,0.862414, 
t=,64800, id=,B00, PRDE,actvstrat=,0.772875, actvprof=,1.875017, id=,B01, PRDE,actvstrat=,0.648390, actvprof=,1.787927, id=,B02, PRDE,actvstrat=,0.899304, actvprof=,1.549851, id=,B03, PRDE,actvstrat=,0.386237, actvprof=,1.517765, id=,B04, PRDE,actvstrat=,-0.390689, actvprof=,1.185932, id=,B05, PRDE,actvstrat=,-0.163867, actvprof=,1.224269, id=,B06, PRDE,actvstrat=,0.401245, actvprof=,1.714587, id=,B07, PRDE,actvstrat=,0.360269, actvprof=,1.684724, id=,B08, PRDE,actvstrat=,0.790250, actvprof=,1.737367, id=,B09, PRDE,actvstrat=,-0.884695, actvprof=,2.288524, id=,S00, PRDE,actvstrat=,0.050837, actvprof=,6.917382, id=,S01, PRDE,actvstrat=,0.081238, actvprof=,6.858627, id=,S02, PRDE,actvstrat=,-0.234672, actvprof=,4.289246, id=,S03, PRDE,actvstrat=,-0.856833, actvprof=,0.799789, id=,S04, PRDE,actvstrat=,0.398292, actvprof=,8.576270, id=,S05, PRDE,actvstrat=,-0.831818, actvprof=,1.035920, id=,S06, PRDE,actvstrat=,0.693164, actvprof=,10.647693, id=,S07, PRDE,actvstrat=,0.862414, actvprof=,11.655138, id=,S08, PRDE,actvstrat=,0.511870, actvprof=,9.323971, id=,S09, PRDE,actvstrat=,0.020940, actvprof=,6.848071, best_B_id=,B09, best_B_prof=,2.288524, best_B_strat=,-0.884695, best_S_id=,S07, best_S_prof=,11.655138, best_S_strat=,0.862414, 
t=,68400, id=,B00, PRDE,actvstrat=,-0.534913, actvprof=,2.592027, id=,B01, PRDE,actvstrat=,0.762876, actvprof=,2.930685, id=,B02, PRDE,actvstrat=,-0.725737, actvprof=,3.407696, id=,B03, PRDE,actvstrat=,-0.709050, actvprof=,3.176274, id=,B04, PRDE,actvstrat=,0.953601, actvprof=,1.534935, id=,B05, PRDE,actvstrat=,-0.321257, actvprof=,2.470343, id=,B06, PRDE,actvstrat=,-0.821725, actvprof=,3.784692, id=,B07, PRDE,actvstrat=,-0.012543, actvprof=,2.405612, id=,B08, PRDE,actvstrat=,0.891878, actvprof=,2.279761, id=,B09, PRDE,actvstrat=,0.887454, actvprof=,2.314488, id=,S00, PRDE,actvstrat=,0.995965, actvprof=,10.075010, id=,S01, PRDE,actvstrat=,-0.170733, actvprof=,4.396444, id=,S02, PRDE,actvstrat=,0.689477, actvprof=,9.615224, id=,S03, PRDE,actvstrat=,-0.023584, actvprof=,5.403806, id=,S04, PRDE,actvstrat=,-0.470846, actvprof=,3.091540, id=,S05, PRDE,actvstrat=,0.643242, actvprof=,8.815391, id=,S06, PRDE,actvstrat=,-0.849237, actvprof=,0.852618, id=,S07, PRDE,actvstrat=,0.700884, actvprof=,9.486595, id=,S08, PRDE,actvstrat=,0.935270, actvprof=,10.465065, id=,S09, PRDE,actvstrat=,0.572278, actvprof=,8.737602, best_B_id=,B06, best_B_prof=,3.784692, best_B_strat=,-0.821725, best_S_id=,S08, best_S_prof=,10.465065, best_S_strat=,0.935270, 
t=,72000, id=,B00, PRDE,actvstrat=,-0.534913, actvprof=,2.674649, id=,B01, PRDE,actvstrat=,0.762876, actvprof=,2.864663, id=,B02, PRDE,actvstrat=,-0.725737, actvprof=,3.446097, id=,B03, PRDE,actvstrat=,-0.709050, actvprof=,3.157880, id=,B04, PRDE,actvstrat=,0.953601, actvprof=,1.606234, id=,B05, PRDE,actvstrat=,-0.321257, actvprof=,2.323928, id=,B06, PRDE,actvstrat=,-0.821725, actvprof=,3.833071, id=,B07, PRDE,actvstrat=,-0.012543, actvprof=,2.328233, id=,B08, PRDE,actvstrat=,0.891878, actvprof=,2.155442, id=,B09, PRDE,actvstrat=,0.887454, actvprof=,2.276007, id=,S00, PRDE,actvstrat=,0.995965, actvprof=,10.137302, id=,S01, PRDE,actvstrat=,-0.170733, actvprof=,4.056143, id=,S02, PRDE,actvstrat=,0.689477, actvprof=,9.561842, id=,S03, PRDE,actvstrat=,-0.023584, actvprof=,5.421386, id=,S04, PRDE,actvstrat=,-0.470846, actvprof=,3.008146, id=,S05, PRDE,actvstrat=,0.643242, actvprof=,8.923182, id=,S06, PRDE,actvstrat=,-0.849237, actvprof=,0.857843, id=,S07, PRDE,actvstrat=,0.700884, actvprof=,9.388356, id=,S08, PRDE,actvstrat=,0.935270, actvprof=,10.532471, id=,S09, PRDE,actvstrat=,0.572278, actvprof=,8.787894, best_B_id=,B06, best_B_prof=,3.833071, best_B_strat=,-0.821725, best_S_id=,S08, best_S_prof=,10.532471, best_S_strat=,0.935270, 
t=,75600, id=,B00, PRDE,actvstrat=,-0.674935, actvprof=,3.525686, id=,B01, PRDE,actvstrat=,0.762876, actvprof=,2.886950, id=,B02, PRDE,actvstrat=,0.037657, actvprof=,2.423527, id=,B03, PRDE,actvstrat=,0.091630, actvprof=,2.751090, id=,B04, PRDE,actvstrat=,0.956762, actvprof=,1.773678, id=,B05, PRDE,actvstrat=,-0.484839, actvprof=,2.562165, id=,B06, PRDE,actvstrat=,-0.863152, actvprof=,4.071625, id=,B07, PRDE,actvstrat=,0.761623, actvprof=,2.836941, id=,B08, PRDE,actvstrat=,0.231953, actvprof=,2.913066, id=,B09, PRDE,actvstrat=,-0.678861, actvprof=,3.375379, id=,S00, PRDE,actvstrat=,0.719496, actvprof=,9.406273, id=,S01, PRDE,actvstrat=,-0.170733, actvprof=,3.333982, id=,S02, PRDE,actvstrat=,0.689477, actvprof=,9.222349, id=,S03, PRDE,actvstrat=,-0.307631, actvprof=,2.973634, id=,S04, PRDE,actvstrat=,0.329912, actvprof=,6.621565, id=,S05, PRDE,actvstrat=,0.512267, actvprof=,8.056567, id=,S06, PRDE,actvstrat=,-0.074126, actvprof=,4.645626, id=,S07, PRDE,actvstrat=,0.700884, actvprof=,8.778929, id=,S08, PRDE,actvstrat=,0.978502, actvprof=,9.660767, id=,S09, PRDE,actvstrat=,0.037424, actvprof=,5.688050, best_B_id=,B06, best_B_prof=,4.071625, best_B_strat=,-0.863152, best_S_id=,S08, best_S_prof=,9.660767, best_S_strat=,0.978502, 
t=,79200, id=,B00, PRDE,actvstrat=,-0.674935, actvprof=,3.632778, id=,B01, PRDE,actvstrat=,0.762876, actvprof=,2.966060, id=,B02, PRDE,actvstrat=,0.037657, actvprof=,2.553806, id=,B03, PRDE,actvstrat=,0.091630, actvprof=,2.671871, id=,B04, PRDE,actvstrat=,0.956762, actvprof=,1.758329, id=,B05, PRDE,actvstrat=,-0.484839, actvprof=,2.627284, id=,B06, PRDE,actvstrat=,-0.863152, actvprof=,4.051698, id=,B07, PRDE,actvstrat=,0.761623, actvprof=,2.999535, id=,B08, PRDE,actvstrat=,0.231953, actvprof=,3.016619, id=,B09, PRDE,actvstrat=,-0.678861, actvprof=,3.509018, id=,S00, PRDE,actvstrat=,0.719496, actvprof=,9.183757, id=,S01, PRDE,actvstrat=,-0.170733, actvprof=,3.623610, id=,S02, PRDE,actvstrat=,0.689477, actvprof=,9.173479, id=,S03, PRDE,actvstrat=,-0.307631, actvprof=,2.981756, id=,S04, PRDE,actvstrat=,0.329912, actvprof=,6.798436, id=,S05, PRDE,actvstrat=,0.512267, actvprof=,7.983527, id=,S06, PRDE,actvstrat=,-0.074126, actvprof=,4.560071, id=,S07, PRDE,actvstrat=,0.700884, actvprof=,8.783449, id=,S08, PRDE,actvstrat=,0.978502, actvprof=,9.625735, id=,S09, PRDE,actvstrat=,0.037424, actvprof=,5.551118, best_B_id=,B06, best_B_prof=,4.051698, best_B_strat=,-0.863152, best_S_id=,S08, best_S_prof=,9.625735, best_S_strat=,0.978502, 
t=,82800, id=,B00, PRDE,actvstrat=,-0.462853, actvprof=,2.037896, id=,B01, PRDE,actvstrat=,0.799344, actvprof=,2.534660, id=,B02, PRDE,actvstrat=,0.771598, actvprof=,2.593838, id=,B03, PRDE,actvstrat=,0.563676, actvprof=,2.586336, id=,B04, PRDE,actvstrat=,0.224296, actvprof=,2.304337, id=,B05, PRDE,actvstrat=,-0.023697, actvprof=,1.923430, id=,B06, PRDE,actvstrat=,0.695759, actvprof=,2.465479, id=,B07, PRDE,actvstrat=,0.335589, actvprof=,2.185703, id=,B08, PRDE,actvstrat=,-0.229811, actvprof=,1.897591, id=,B09, PRDE,actvstrat=,-0.649640, actvprof=,2.689967, id=,S00, PRDE,actvstrat=,-0.113812, actvprof=,4.226933, id=,S01, PRDE,actvstrat=,0.261345, actvprof=,6.770761, id=,S02, PRDE,actvstrat=,0.689477, actvprof=,9.693274, id=,S03, PRDE,actvstrat=,-0.705214, actvprof=,2.254883, id=,S04, PRDE,actvstrat=,-0.900499, actvprof=,0.530659, id=,S05, PRDE,actvstrat=,0.334435, actvprof=,6.931903, id=,S06, PRDE,actvstrat=,0.165382, actvprof=,6.390131, id=,S07, PRDE,actvstrat=,0.888823, actvprof=,10.812380, id=,S08, PRDE,actvstrat=,0.200584, actvprof=,6.889673, id=,S09, PRDE,actvstrat=,0.827800, actvprof=,10.230600, best_B_id=,B09, best_B_prof=,2.689967, best_B_strat=,-0.649640, best_S_id=,S07, best_S_prof=,10.812380, best_S_strat=,0.888823, 
t=,86400, id=,B00, PRDE,actvstrat=,-0.462853, actvprof=,2.094648, id=,B01, PRDE,actvstrat=,0.799344, actvprof=,2.397872, id=,B02, PRDE,actvstrat=,0.771598, actvprof=,2.508577, id=,B03, PRDE,actvstrat=,0.563676, actvprof=,2.551359, id=,B04, PRDE,actvstrat=,0.224296, actvprof=,2.279805, id=,B05, PRDE,actvstrat=,-0.023697, actvprof=,1.944495, id=,B06, PRDE,actvstrat=,0.695759, actvprof=,2.538719, id=,B07, PRDE,actvstrat=,0.335589, actvprof=,2.302585, id=,B08, PRDE,actvstrat=,-0.229811, actvprof=,1.957551, id=,B09, PRDE,actvstrat=,-0.649640, actvprof=,2.587335, id=,S00, PRDE,actvstrat=,-0.113812, actvprof=,4.247218, id=,S01, PRDE,actvstrat=,0.261345, actvprof=,6.854555, id=,S02, PRDE,actvstrat=,0.689477, actvprof=,9.600656, id=,S03, PRDE,actvstrat=,-0.705214, actvprof=,2.348145, id=,S04, PRDE,actvstrat=,-0.900499, actvprof=,0.608254, id=,S05, PRDE,actvstrat=,0.334435, actvprof=,7.120276, id=,S06, PRDE,actvstrat=,0.165382, actvprof=,6.371869, id=,S07, PRDE,actvstrat=,0.888823, actvprof=,10.670482, id=,S08, PRDE,actvstrat=,0.200584, actvprof=,6.800383, id=,S09, PRDE,actvstrat=,0.827800, actvprof=,10.290445, best_B_id=,B09, best_B_prof=,2.587335, best_B_strat=,-0.649640, best_S_id=,S07, best_S_prof=,10.670482, best_S_strat=,0.888823, 
t=,90000, id=,B00, PRDE,actvstrat=,-0.462853, actvprof=,3.776290, id=,B01, PRDE,actvstrat=,-0.600939, actvprof=,4.474759, id=,B02, PRDE,actvstrat=,0.483435, actvprof=,3.946879, id=,B03, PRDE,actvstrat=,0.491332, actvprof=,3.709332, id=,B04, PRDE,actvstrat=,0.224296, actvprof=,3.769344, id=,B05, PRDE,actvstrat=,0.054523, actvprof=,3.533187, id=,B06, PRDE,actvstrat=,-0.821253, actvprof=,5.087378, id=,B07, PRDE,actvstrat=,0.335589, actvprof=,3.674326, id=,B08, PRDE,actvstrat=,0.245253, actvprof=,3.639041, id=,B09, PRDE,actvstrat=,-0.464795, actvprof=,4.327786, id=,S00, PRDE,actvstrat=,0.989907, actvprof=,8.338010, id=,S01, PRDE,actvstrat=,0.456885, actvprof=,6.310394, id=,S02, PRDE,actvstrat=,0.689477, actvprof=,7.737338, id=,S03, PRDE,actvstrat=,0.199186, actvprof=,5.085989, id=,S04, PRDE,actvstrat=,-0.507839, actvprof=,2.048732, id=,S05, PRDE,actvstrat=,0.664353, actvprof=,7.466730, id=,S06, PRDE,actvstrat=,0.974775, actvprof=,8.361070, id=,S07, PRDE,actvstrat=,0.888823, actvprof=,8.967577, id=,S08, PRDE,actvstrat=,0.149914, actvprof=,4.971800, id=,S09, PRDE,actvstrat=,-0.328308, actvprof=,2.527158, best_B_id=,B06, best_B_prof=,5.087378, best_B_strat=,-0.821253, best_S_id=,S07, best_S_prof=,8.967577, best_S_strat=,0.888823, 
t=,93600, id=,B00, PRDE,actvstrat=,-0.462853, actvprof=,3.873378, id=,B01, PRDE,actvstrat=,-0.600939, actvprof=,4.448704, id=,B02, PRDE,actvstrat=,0.483435, actvprof=,4.028808, id=,B03, PRDE,actvstrat=,0.491332, actvprof=,3.896991, id=,B04, PRDE,actvstrat=,0.224296, actvprof=,3.900742, id=,B05, PRDE,actvstrat=,0.054523, actvprof=,3.703225, id=,B06, PRDE,actvstrat=,-0.821253, actvprof=,5.085979, id=,B07, PRDE,actvstrat=,0.335589, actvprof=,3.948801, id=,B08, PRDE,actvstrat=,0.245253, actvprof=,3.728505, id=,B09, PRDE,actvstrat=,-0.464795, actvprof=,4.247298, id=,S00, PRDE,actvstrat=,0.989907, actvprof=,8.242354, id=,S01, PRDE,actvstrat=,0.456885, actvprof=,6.306914, id=,S02, PRDE,actvstrat=,0.689477, actvprof=,7.865239, id=,S03, PRDE,actvstrat=,0.199186, actvprof=,5.052365, id=,S04, PRDE,actvstrat=,-0.507839, actvprof=,1.994611, id=,S05, PRDE,actvstrat=,0.664353, actvprof=,7.682862, id=,S06, PRDE,actvstrat=,0.974775, actvprof=,8.253049, id=,S07, PRDE,actvstrat=,0.888823, actvprof=,8.706559, id=,S08, PRDE,actvstrat=,0.149914, actvprof=,4.998333, id=,S09, PRDE,actvstrat=,-0.328308, actvprof=,2.588271, best_B_id=,B06, best_B_prof=,5.085979, best_B_strat=,-0.821253, best_S_id=,S07, best_S_prof=,8.706559, best_S_strat=,0.888823, 
t=,97200, id=,B00, PRDE,actvstrat=,0.403301, actvprof=,2.035090, id=,B01, PRDE,actvstrat=,0.762876, actvprof=,2.179838, id=,B02, PRDE,actvstrat=,-0.204864, actvprof=,1.430258, id=,B03, PRDE,actvstrat=,0.091630, actvprof=,1.837554, id=,B04, PRDE,actvstrat=,-0.857996, actvprof=,2.541014, id=,B05, PRDE,actvstrat=,0.752756, actvprof=,2.087599, id=,B06, PRDE,actvstrat=,-0.821725, actvprof=,2.645478, id=,B07, PRDE,actvstrat=,0.335589, actvprof=,2.017864, id=,B08, PRDE,actvstrat=,-0.098034, actvprof=,1.562227, id=,B09, PRDE,actvstrat=,-0.883674, actvprof=,2.572131, id=,S00, PRDE,actvstrat=,0.989907, actvprof=,10.508286, id=,S01, PRDE,actvstrat=,0.261345, actvprof=,7.003765, id=,S02, PRDE,actvstrat=,-0.599481, actvprof=,2.521011, id=,S03, PRDE,actvstrat=,-0.138743, actvprof=,3.700390, id=,S04, PRDE,actvstrat=,-0.637026, actvprof=,2.339033, id=,S05, PRDE,actvstrat=,0.663972, actvprof=,9.036354, id=,S06, PRDE,actvstrat=,0.480802, actvprof=,8.125634, id=,S07, PRDE,actvstrat=,0.487116, actvprof=,8.156751, id=,S08, PRDE,actvstrat=,-0.189147, actvprof=,3.736230, id=,S09, PRDE,actvstrat=,-0.551422, actvprof=,3.155570, best_B_id=,B06, best_B_prof=,2.645478, best_B_strat=,-0.821725, best_S_id=,S00, best_S_prof=,10.508286, best_S_strat=,0.989907, 
t=,100800, id=,B00, PRDE,actvstrat=,0.403301, actvprof=,2.014501, id=,B01, PRDE,actvstrat=,0.762876, actvprof=,2.294806, id=,B02, PRDE,actvstrat=,-0.204864, actvprof=,1.563069, id=,B03, PRDE,actvstrat=,0.091630, actvprof=,1.796980, id=,B04, PRDE,actvstrat=,-0.857996, actvprof=,2.604420, id=,B05, PRDE,actvstrat=,0.752756, actvprof=,2.195908, id=,B06, PRDE,actvstrat=,-0.821725, actvprof=,2.499132, id=,B07, PRDE,actvstrat=,0.335589, actvprof=,2.058811, id=,B08, PRDE,actvstrat=,-0.098034, actvprof=,1.515564, id=,B09, PRDE,actvstrat=,-0.883674, actvprof=,2.748184, id=,S00, PRDE,actvstrat=,0.989907, actvprof=,10.432820, id=,S01, PRDE,actvstrat=,0.261345, actvprof=,6.745378, id=,S02, PRDE,actvstrat=,-0.599481, actvprof=,2.590669, id=,S03, PRDE,actvstrat=,-0.138743, actvprof=,4.076785, id=,S04, PRDE,actvstrat=,-0.637026, actvprof=,2.462045, id=,S05, PRDE,actvstrat=,0.663972, actvprof=,9.084494, id=,S06, PRDE,actvstrat=,0.480802, actvprof=,8.096759, id=,S07, PRDE,actvstrat=,0.487116, actvprof=,8.089536, id=,S08, PRDE,actvstrat=,-0.189147, actvprof=,3.687303, id=,S09, PRDE,actvstrat=,-0.551422, actvprof=,3.061687, best_B_id=,B09, best_B_prof=,2.748184, best_B_strat=,-0.883674, best_S_id=,S00, best_S_prof=,10.432820, best_S_strat=,0.989907, 
t=,104400, id=,B00, PRDE,actvstrat=,0.748101, actvprof=,2.423005, id=,B01, PRDE,actvstrat=,0.799344, actvprof=,2.322706, id=,B02, PRDE,actvstrat=,-0.725737, actvprof=,2.272140, id=,B03, PRDE,actvstrat=,0.327635, actvprof=,2.236855, id=,B04, PRDE,actvstrat=,0.446479, actvprof=,2.250747, id=,B05, PRDE,actvstrat=,-0.811471, actvprof=,2.843092, id=,B06, PRDE,actvstrat=,-0.863152, actvprof=,3.145100, id=,B07, PRDE,actvstrat=,-0.814008, actvprof=,2.560533, id=,B08, PRDE,actvstrat=,-0.229811, actvprof=,1.879280, id=,B09, PRDE,actvstrat=,0.234122, actvprof=,2.117663, id=,S00, PRDE,actvstrat=,-0.113812, actvprof=,3.907203, id=,S01, PRDE,actvstrat=,0.107714, actvprof=,5.951518, id=,S02, PRDE,actvstrat=,0.561127, actvprof=,7.989164, id=,S03, PRDE,actvstrat=,-0.705214, actvprof=,2.122109, id=,S04, PRDE,actvstrat=,0.329912, actvprof=,7.196499, id=,S05, PRDE,actvstrat=,-0.158301, actvprof=,3.538237, id=,S06, PRDE,actvstrat=,0.524855, actvprof=,7.924707, id=,S07, PRDE,actvstrat=,-0.147440, actvprof=,3.833021, id=,S08, PRDE,actvstrat=,0.935270, actvprof=,10.143224, id=,S09, PRDE,actvstrat=,0.572278, actvprof=,8.338682, best_B_id=,B06, best_B_prof=,3.145100, best_B_strat=,-0.863152, best_S_id=,S08, best_S_prof=,10.143224, best_S_strat=,0.935270, 
t=,108000, id=,B00, PRDE,actvstrat=,0.748101, actvprof=,2.389138, id=,B01, PRDE,actvstrat=,0.799344, actvprof=,2.405667, id=,B02, PRDE,actvstrat=,-0.725737, actvprof=,2.321214, id=,B03, PRDE,actvstrat=,0.327635, actvprof=,2.253707, id=,B04, PRDE,actvstrat=,0.446479, actvprof=,2.326492, id=,B05, PRDE,actvstrat=,-0.811471, actvprof=,2.891829, id=,B06, PRDE,actvstrat=,-0.863152, actvprof=,3.166441, id=,B07, PRDE,actvstrat=,-0.814008, actvprof=,2.790291, id=,B08, PRDE,actvstrat=,-0.229811, actvprof=,1.892419, id=,B09, PRDE,actvstrat=,0.234122, actvprof=,2.157586, id=,S00, PRDE,actvstrat=,-0.113812, actvprof=,4.025142, id=,S01, PRDE,actvstrat=,0.107714, actvprof=,6.111748, id=,S02, PRDE,actvstrat=,0.561127, actvprof=,8.048616, id=,S03, PRDE,actvstrat=,-0.705214, actvprof=,2.098552, id=,S04, PRDE,actvstrat=,0.329912, actvprof=,6.980588, id=,S05, PRDE,actvstrat=,-0.158301, actvprof=,3.584818, id=,S06, PRDE,actvstrat=,0.524855, actvprof=,8.046672, id=,S07, PRDE,actvstrat=,-0.147440, actvprof=,3.866375, id=,S08, PRDE,actvstrat=,0.935270, actvprof=,10.126194, id=,S09, PRDE,actvstrat=,0.572278, actvprof=,8.358787, best_B_id=,B06, best_B_prof=,3.166441, best_B_strat=,-0.863152, best_S_id=,S08, best_S_prof=,10.126194, best_S_strat=,0.935270, 
t=,111600, id=,B00, PRDE,actvstrat=,-0.829493, actvprof=,2.725050, id=,B01, PRDE,actvstrat=,0.989219, actvprof=,0.822683, id=,B02, PRDE,actvstrat=,-0.818816, actvprof=,2.603078, id=,B03, PRDE,actvstrat=,-0.570554, actvprof=,1.787342, id=,B04, PRDE,actvstrat=,0.102712, actvprof=,1.682318, id=,B05, PRDE,actvstrat=,0.088478, actvprof=,1.891254, id=,B06, PRDE,actvstrat=,-0.630672, actvprof=,1.902367, id=,B07, PRDE,actvstrat=,-0.924934, actvprof=,3.044010, id=,B08, PRDE,actvstrat=,0.600633, actvprof=,2.077406, id=,B09, PRDE,actvstrat=,0.887454, actvprof=,1.830685, id=,S00, PRDE,actvstrat=,0.988010, actvprof=,10.825461, id=,S01, PRDE,actvstrat=,0.261345, actvprof=,7.493888, id=,S02, PRDE,actvstrat=,0.111581, actvprof=,6.771505, id=,S03, PRDE,actvstrat=,-0.138743, actvprof=,4.352634, id=,S04, PRDE,actvstrat=,-0.637026, actvprof=,2.790064, id=,S05, PRDE,actvstrat=,-0.331924, actvprof=,3.422983, id=,S06, PRDE,actvstrat=,0.693164, actvprof=,9.803567, id=,S07, PRDE,actvstrat=,0.386710, actvprof=,8.122083, id=,S08, PRDE,actvstrat=,-0.774314, actvprof=,1.507557, id=,S09, PRDE,actvstrat=,0.572278, actvprof=,8.785008, best_B_id=,B07, best_B_prof=,3.044010, best_B_strat=,-0.924934, best_S_id=,S00, best_S_prof=,10.825461, best_S_strat=,0.988010, 
t=,115200, id=,B00, PRDE,actvstrat=,-0.829493, actvprof=,2.564452, id=,B01, PRDE,actvstrat=,0.989219, actvprof=,0.781337, id=,B02, PRDE,actvstrat=,-0.818816, actvprof=,2.589732, id=,B03, PRDE,actvstrat=,-0.570554, actvprof=,1.718246, id=,B04, PRDE,actvstrat=,0.102712, actvprof=,1.601150, id=,B05, PRDE,actvstrat=,0.088478, actvprof=,1.860484, id=,B06, PRDE,actvstrat=,-0.630672, actvprof=,1.894655, id=,B07, PRDE,actvstrat=,-0.924934, actvprof=,3.069230, id=,B08, PRDE,actvstrat=,0.600633, actvprof=,2.038977, id=,B09, PRDE,actvstrat=,0.887454, actvprof=,1.763529, id=,S00, PRDE,actvstrat=,0.988010, actvprof=,10.857040, id=,S01, PRDE,actvstrat=,0.261345, actvprof=,7.251361, id=,S02, PRDE,actvstrat=,0.111581, actvprof=,6.665324, id=,S03, PRDE,actvstrat=,-0.138743, actvprof=,4.587176, id=,S04, PRDE,actvstrat=,-0.637026, actvprof=,2.767391, id=,S05, PRDE,actvstrat=,-0.331924, actvprof=,3.492471, id=,S06, PRDE,actvstrat=,0.693164, actvprof=,9.885126, id=,S07, PRDE,actvstrat=,0.386710, actvprof=,8.047422, id=,S08, PRDE,actvstrat=,-0.774314, actvprof=,1.602678, id=,S09, PRDE,actvstrat=,0.572278, actvprof=,8.838204, best_B_id=,B07, best_B_prof=,3.069230, best_B_strat=,-0.924934, best_S_id=,S00, best_S_prof=,10.857040, best_S_strat=,0.988010, 
t=,118800, id=,B00, PRDE,actvstrat=,-0.829493, actvprof=,4.538319, id=,B01, PRDE,actvstrat=,-0.510982, actvprof=,3.669829, id=,B02, PRDE,actvstrat=,0.483435, actvprof=,3.717060, id=,B03, PRDE,actvstrat=,-0.137003, actvprof=,3.131677, id=,B04, PRDE,actvstrat=,0.918662, actvprof=,2.265687, id=,B05, PRDE,actvstrat=,0.519788, actvprof=,3.615653, id=,B06, PRDE,actvstrat=,-0.821253, actvprof=,4.709739, id=,B07, PRDE,actvstrat=,-0.849803, actvprof=,4.185756, id=,B08, PRDE,actvstrat=,-0.229811, actvprof=,3.151680, id=,B09, PRDE,actvstrat=,0.887454, actvprof=,2.687708, id=,S00, PRDE,actvstrat=,0.995965, actvprof=,9.302513, id=,S01, PRDE,actvstrat=,-0.681365, actvprof=,2.028422, id=,S02, PRDE,actvstrat=,0.124733, actvprof=,6.110548, id=,S03, PRDE,actvstrat=,0.909814, actvprof=,9.533110, id=,S04, PRDE,actvstrat=,-0.637026, actvprof=,2.030922, id=,S05, PRDE,actvstrat=,0.535416, actvprof=,7.744732, id=,S06, PRDE,actvstrat=,0.480802, actvprof=,7.047939, id=,S07, PRDE,actvstrat=,0.985899, actvprof=,9.038299, id=,S08, PRDE,actvstrat=,0.200584, actvprof=,5.522108, id=,S09, PRDE,actvstrat=,0.827800, actvprof=,9.275841, best_B_id=,B06, best_B_prof=,4.709739, best_B_strat=,-0.821253, best_S_id=,S03, best_S_prof=,9.533110, best_S_strat=,0.909814, 
t=,122400, id=,B00, PRDE,actvstrat=,-0.829493, actvprof=,4.409765, id=,B01, PRDE,actvstrat=,-0.510982, actvprof=,3.577178, id=,B02, PRDE,actvstrat=,0.483435, actvprof=,3.520367, id=,B03, PRDE,actvstrat=,-0.137003, actvprof=,3.167969, id=,B04, PRDE,actvstrat=,0.918662, actvprof=,2.323575, id=,B05, PRDE,actvstrat=,0.519788, actvprof=,3.654686, id=,B06, PRDE,actvstrat=,-0.821253, actvprof=,4.692155, id=,B07, PRDE,actvstrat=,-0.849803, actvprof=,4.386012, id=,B08, PRDE,actvstrat=,-0.229811, actvprof=,3.202139, id=,B09, PRDE,actvstrat=,0.887454, actvprof=,2.628746, id=,S00, PRDE,actvstrat=,0.995965, actvprof=,9.155120, id=,S01, PRDE,actvstrat=,-0.681365, actvprof=,2.084662, id=,S02, PRDE,actvstrat=,0.124733, actvprof=,5.702816, id=,S03, PRDE,actvstrat=,0.909814, actvprof=,9.348335, id=,S04, PRDE,actvstrat=,-0.637026, actvprof=,1.936868, id=,S05, PRDE,actvstrat=,0.535416, actvprof=,7.497448, id=,S06, PRDE,actvstrat=,0.480802, actvprof=,7.152828, id=,S07, PRDE,actvstrat=,0.985899, actvprof=,9.027607, id=,S08, PRDE,actvstrat=,0.200584, actvprof=,5.676008, id=,S09, PRDE,actvstrat=,0.827800, actvprof=,9.288606, best_B_id=,B06, best_B_prof=,4.692155, best_B_strat=,-0.821253, best_S_id=,S03, best_S_prof=,9.348335, best_S_strat=,0.909814, 
t=,126000, id=,B00, PRDE,actvstrat=,-0.681089, actvprof=,3.226550, id=,B01, PRDE,actvstrat=,0.762876, actvprof=,2.881196, id=,B02, PRDE,actvstrat=,-0.204864, actvprof=,2.643365, id=,B03, PRDE,actvstrat=,-0.506642, actvprof=,2.528617, id=,B04, PRDE,actvstrat=,-0.635688, actvprof=,2.907868, id=,B05, PRDE,actvstrat=,0.016229, actvprof=,2.432763, id=,B06, PRDE,actvstrat=,-0.852861, actvprof=,3.743610, id=,B07, PRDE,actvstrat=,0.627524, actvprof=,3.003445, id=,B08, PRDE,actvstrat=,0.891878, actvprof=,2.333296, id=,B09, PRDE,actvstrat=,0.887454, actvprof=,2.367471, id=,S00, PRDE,actvstrat=,0.532467, actvprof=,8.304901, id=,S01, PRDE,actvstrat=,0.706641, actvprof=,9.072016, id=,S02, PRDE,actvstrat=,0.956211, actvprof=,10.216993, id=,S03, PRDE,actvstrat=,-0.563476, actvprof=,2.490553, id=,S04, PRDE,actvstrat=,0.329912, actvprof=,6.819015, id=,S05, PRDE,actvstrat=,-0.331924, actvprof=,3.271283, id=,S06, PRDE,actvstrat=,0.693164, actvprof=,8.881974, id=,S07, PRDE,actvstrat=,0.496530, actvprof=,7.758113, id=,S08, PRDE,actvstrat=,-0.774314, actvprof=,1.239164, id=,S09, PRDE,actvstrat=,0.678928, actvprof=,8.654423, best_B_id=,B06, best_B_prof=,3.743610, best_B_strat=,-0.852861, best_S_id=,S02, best_S_prof=,10.216993, best_S_strat=,0.956211, 
t=,129600, id=,B00, PRDE,actvstrat=,-0.681089, actvprof=,3.166324, id=,B01, PRDE,actvstrat=,0.762876, actvprof=,2.864624, id=,B02, PRDE,actvstrat=,-0.204864, actvprof=,2.558201, id=,B03, PRDE,actvstrat=,-0.506642, actvprof=,2.499305, id=,B04, PRDE,actvstrat=,-0.635688, actvprof=,2.894349, id=,B05, PRDE,actvstrat=,0.016229, actvprof=,2.395544, id=,B06, PRDE,actvstrat=,-0.852861, actvprof=,3.725136, id=,B07, PRDE,actvstrat=,0.627524, actvprof=,3.060618, id=,B08, PRDE,actvstrat=,0.891878, actvprof=,2.262890, id=,B09, PRDE,actvstrat=,0.887454, actvprof=,2.370263, id=,S00, PRDE,actvstrat=,0.532467, actvprof=,8.238971, id=,S01, PRDE,actvstrat=,0.706641, actvprof=,9.092121, id=,S02, PRDE,actvstrat=,0.956211, actvprof=,10.040560, id=,S03, PRDE,actvstrat=,-0.563476, actvprof=,2.517780, id=,S04, PRDE,actvstrat=,0.329912, actvprof=,6.958829, id=,S05, PRDE,actvstrat=,-0.331924, actvprof=,3.168130, id=,S06, PRDE,actvstrat=,0.693164, actvprof=,9.109623, id=,S07, PRDE,actvstrat=,0.496530, actvprof=,7.868652, id=,S08, PRDE,actvstrat=,-0.774314, actvprof=,1.322647, id=,S09, PRDE,actvstrat=,0.678928, actvprof=,8.684854, best_B_id=,B06, best_B_prof=,3.725136, best_B_strat=,-0.852861, best_S_id=,S02, best_S_prof=,10.040560, best_S_strat=,0.956211, 
t=,133200, id=,B00, PRDE,actvstrat=,0.403301, actvprof=,3.567688, id=,B01, PRDE,actvstrat=,0.989219, actvprof=,1.402792, id=,B02, PRDE,actvstrat=,-0.579603, actvprof=,3.741335, id=,B03, PRDE,actvstrat=,-0.570554, actvprof=,3.628812, id=,B04, PRDE,actvstrat=,0.157596, actvprof=,3.289574, id=,B05, PRDE,actvstrat=,0.752756, actvprof=,3.262346, id=,B06, PRDE,actvstrat=,-0.821725, actvprof=,4.261721, id=,B07, PRDE,actvstrat=,0.627524, actvprof=,3.352643, id=,B08, PRDE,actvstrat=,0.245253, actvprof=,3.262902, id=,B09, PRDE,actvstrat=,-0.649640, actvprof=,3.795791, id=,S00, PRDE,actvstrat=,0.995965, actvprof=,9.268042, id=,S01, PRDE,actvstrat=,0.902160, actvprof=,9.528096, id=,S02, PRDE,actvstrat=,0.689477, actvprof=,8.553726, id=,S03, PRDE,actvstrat=,-0.180864, actvprof=,3.477947, id=,S04, PRDE,actvstrat=,0.329912, actvprof=,6.449677, id=,S05, PRDE,actvstrat=,-0.331924, actvprof=,2.865319, id=,S06, PRDE,actvstrat=,0.237528, actvprof=,6.477183, id=,S07, PRDE,actvstrat=,0.700884, actvprof=,8.602070, id=,S08, PRDE,actvstrat=,0.306584, actvprof=,6.661666, id=,S09, PRDE,actvstrat=,0.572278, actvprof=,8.238939, best_B_id=,B06, best_B_prof=,4.261721, best_B_strat=,-0.821725, best_S_id=,S01, best_S_prof=,9.528096, best_S_strat=,0.902160, 
t=,136800, id=,B00, PRDE,actvstrat=,0.403301, actvprof=,3.421075, id=,B01, PRDE,actvstrat=,0.989219, actvprof=,1.336260, id=,B02, PRDE,actvstrat=,-0.579603, actvprof=,3.536087, id=,B03, PRDE,actvstrat=,-0.570554, actvprof=,3.620402, id=,B04, PRDE,actvstrat=,0.157596, actvprof=,3.217719, id=,B05, PRDE,actvstrat=,0.752756, actvprof=,3.323425, id=,B06, PRDE,actvstrat=,-0.821725, actvprof=,4.302700, id=,B07, PRDE,actvstrat=,0.627524, actvprof=,3.409129, id=,B08, PRDE,actvstrat=,0.245253, actvprof=,3.261473, id=,B09, PRDE,actvstrat=,-0.649640, actvprof=,3.766391, id=,S00, PRDE,actvstrat=,0.995965, actvprof=,9.303395, id=,S01, PRDE,actvstrat=,0.902160, actvprof=,9.449105, id=,S02, PRDE,actvstrat=,0.689477, actvprof=,8.692771, id=,S03, PRDE,actvstrat=,-0.180864, actvprof=,3.297866, id=,S04, PRDE,actvstrat=,0.329912, actvprof=,6.476275, id=,S05, PRDE,actvstrat=,-0.331924, actvprof=,2.871013, id=,S06, PRDE,actvstrat=,0.237528, actvprof=,6.398489, id=,S07, PRDE,actvstrat=,0.700884, actvprof=,8.777086, id=,S08, PRDE,actvstrat=,0.306584, actvprof=,6.541282, id=,S09, PRDE,actvstrat=,0.572278, actvprof=,8.209523, best_B_id=,B06, best_B_prof=,4.302700, best_B_strat=,-0.821725, best_S_id=,S01, best_S_prof=,9.449105, best_S_strat=,0.902160, 
t=,140400, id=,B00, PRDE,actvstrat=,0.914897, actvprof=,1.619271, id=,B01, PRDE,actvstrat=,0.762876, actvprof=,2.316102, id=,B02, PRDE,actvstrat=,0.172904, actvprof=,1.942959, id=,B03, PRDE,actvstrat=,0.563676, actvprof=,2.398900, id=,B04, PRDE,actvstrat=,0.273393, actvprof=,2.060209, id=,B05, PRDE,actvstrat=,-0.231485, actvprof=,1.616493, id=,B06, PRDE,actvstrat=,-0.305716, actvprof=,1.773474, id=,B07, PRDE,actvstrat=,0.328673, actvprof=,2.203576, id=,B08, PRDE,actvstrat=,0.199144, actvprof=,1.964908, id=,B09, PRDE,actvstrat=,0.887454, actvprof=,1.929622, id=,S00, PRDE,actvstrat=,0.736039, actvprof=,10.251865, id=,S01, PRDE,actvstrat=,-0.214806, actvprof=,4.115694, id=,S02, PRDE,actvstrat=,0.623906, actvprof=,9.745912, id=,S03, PRDE,actvstrat=,-0.023584, actvprof=,6.237028, id=,S04, PRDE,actvstrat=,0.261719, actvprof=,7.494825, id=,S05, PRDE,actvstrat=,0.334435, actvprof=,8.099690, id=,S06, PRDE,actvstrat=,-0.983938, actvprof=,1.844602, id=,S07, PRDE,actvstrat=,-0.469407, actvprof=,3.493603, id=,S08, PRDE,actvstrat=,0.932425, actvprof=,11.440757, id=,S09, PRDE,actvstrat=,0.020940, actvprof=,6.916077, best_B_id=,B03, best_B_prof=,2.398900, best_B_strat=,0.563676, best_S_id=,S08, best_S_prof=,11.440757, best_S_strat=,0.932425, 
t=,144000, id=,B00, PRDE,actvstrat=,0.914897, actvprof=,1.687005, id=,B01, PRDE,actvstrat=,0.762876, actvprof=,2.337498, id=,B02, PRDE,actvstrat=,0.172904, actvprof=,2.025795, id=,B03, PRDE,actvstrat=,0.563676, actvprof=,2.387504, id=,B04, PRDE,actvstrat=,0.273393, actvprof=,2.112055, id=,B05, PRDE,actvstrat=,-0.231485, actvprof=,1.636443, id=,B06, PRDE,actvstrat=,-0.305716, actvprof=,1.849524, id=,B07, PRDE,actvstrat=,0.328673, actvprof=,2.245960, id=,B08, PRDE,actvstrat=,0.199144, actvprof=,2.048992, id=,B09, PRDE,actvstrat=,0.887454, actvprof=,1.922727, id=,S00, PRDE,actvstrat=,0.736039, actvprof=,10.303855, id=,S01, PRDE,actvstrat=,-0.214806, actvprof=,3.963385, id=,S02, PRDE,actvstrat=,0.623906, actvprof=,9.734760, id=,S03, PRDE,actvstrat=,-0.023584, actvprof=,6.073217, id=,S04, PRDE,actvstrat=,0.261719, actvprof=,7.540612, id=,S05, PRDE,actvstrat=,0.334435, actvprof=,8.120959, id=,S06, PRDE,actvstrat=,-0.983938, actvprof=,2.035796, id=,S07, PRDE,actvstrat=,-0.469407, actvprof=,3.506803, id=,S08, PRDE,actvstrat=,0.932425, actvprof=,11.134231, id=,S09, PRDE,actvstrat=,0.020940, actvprof=,6.510074, best_B_id=,B03, best_B_prof=,2.387504, best_B_strat=,0.563676, best_S_id=,S08, best_S_prof=,11.134231, best_S_strat=,0.932425, 
t=,147600, id=,B00, PRDE,actvstrat=,-0.339525, actvprof=,2.949071, id=,B01, PRDE,actvstrat=,0.799344, actvprof=,2.864605, id=,B02, PRDE,actvstrat=,0.771598, actvprof=,2.982134, id=,B03, PRDE,actvstrat=,-0.506642, actvprof=,3.096885, id=,B04, PRDE,actvstrat=,0.273393, actvprof=,3.236642, id=,B05, PRDE,actvstrat=,-0.023697, actvprof=,2.698175, id=,B06, PRDE,actvstrat=,0.790495, actvprof=,2.891556, id=,B07, PRDE,actvstrat=,-0.012543, actvprof=,2.620655, id=,B08, PRDE,actvstrat=,0.199144, actvprof=,2.972410, id=,B09, PRDE,actvstrat=,-0.568488, actvprof=,3.181351, id=,S00, PRDE,actvstrat=,0.302773, actvprof=,6.913951, id=,S01, PRDE,actvstrat=,0.261345, actvprof=,6.346309, id=,S02, PRDE,actvstrat=,-0.599481, actvprof=,2.533133, id=,S03, PRDE,actvstrat=,-0.138743, actvprof=,4.161874, id=,S04, PRDE,actvstrat=,-0.900499, actvprof=,0.650718, id=,S05, PRDE,actvstrat=,0.955047, actvprof=,9.603790, id=,S06, PRDE,actvstrat=,0.971000, actvprof=,9.595454, id=,S07, PRDE,actvstrat=,0.474569, actvprof=,7.489650, id=,S08, PRDE,actvstrat=,0.426828, actvprof=,7.544386, id=,S09, PRDE,actvstrat=,0.847138, actvprof=,9.868578, best_B_id=,B04, best_B_prof=,3.236642, best_B_strat=,0.273393, best_S_id=,S09, best_S_prof=,9.868578, best_S_strat=,0.847138, 
t=,151200, id=,B00, PRDE,actvstrat=,-0.339525, actvprof=,2.923262, id=,B01, PRDE,actvstrat=,0.799344, actvprof=,2.860615, id=,B02, PRDE,actvstrat=,0.771598, actvprof=,2.937013, id=,B03, PRDE,actvstrat=,-0.506642, actvprof=,3.228715, id=,B04, PRDE,actvstrat=,0.273393, actvprof=,3.156484, id=,B05, PRDE,actvstrat=,-0.023697, actvprof=,2.762826, id=,B06, PRDE,actvstrat=,0.790495, actvprof=,2.900898, id=,B07, PRDE,actvstrat=,-0.012543, actvprof=,2.574193, id=,B08, PRDE,actvstrat=,0.199144, actvprof=,2.882840, id=,B09, PRDE,actvstrat=,-0.568488, actvprof=,3.216908, id=,S00, PRDE,actvstrat=,0.302773, actvprof=,6.675371, id=,S01, PRDE,actvstrat=,0.261345, actvprof=,6.533549, id=,S02, PRDE,actvstrat=,-0.599481, actvprof=,2.413479, id=,S03, PRDE,actvstrat=,-0.138743, actvprof=,3.978109, id=,S04, PRDE,actvstrat=,-0.900499, actvprof=,0.745921, id=,S05, PRDE,actvstrat=,0.955047, actvprof=,9.681004, id=,S06, PRDE,actvstrat=,0.971000, actvprof=,9.582381, id=,S07, PRDE,actvstrat=,0.474569, actvprof=,7.517137, id=,S08, PRDE,actvstrat=,0.426828, actvprof=,7.543807, id=,S09, PRDE,actvstrat=,0.847138, actvprof=,9.763236, best_B_id=,B03, best_B_prof=,3.228715, best_B_strat=,-0.506642, best_S_id=,S09, best_S_prof=,9.763236, best_S_strat=,0.847138, 
t=,154800, id=,B00, PRDE,actvstrat=,-0.534913, actvprof=,2.764542, id=,B01, PRDE,actvstrat=,0.091078, actvprof=,2.484476, id=,B02, PRDE,actvstrat=,-0.204864, actvprof=,2.321381, id=,B03, PRDE,actvstrat=,-0.243933, actvprof=,2.713141, id=,B04, PRDE,actvstrat=,0.472582, actvprof=,2.964867, id=,B05, PRDE,actvstrat=,0.015271, actvprof=,2.284428, id=,B06, PRDE,actvstrat=,-0.852861, actvprof=,4.104025, id=,B07, PRDE,actvstrat=,0.627524, actvprof=,2.983760, id=,B08, PRDE,actvstrat=,0.640132, actvprof=,2.798439, id=,B09, PRDE,actvstrat=,0.887454, actvprof=,2.296931, id=,S00, PRDE,actvstrat=,-0.121200, actvprof=,4.231277, id=,S01, PRDE,actvstrat=,-0.527422, actvprof=,2.309712, id=,S02, PRDE,actvstrat=,0.834482, actvprof=,9.703124, id=,S03, PRDE,actvstrat=,0.909814, actvprof=,9.886223, id=,S04, PRDE,actvstrat=,-0.677424, actvprof=,2.112443, id=,S05, PRDE,actvstrat=,0.573216, actvprof=,8.611200, id=,S06, PRDE,actvstrat=,0.165382, actvprof=,5.808872, id=,S07, PRDE,actvstrat=,-0.535169, actvprof=,2.595335, id=,S08, PRDE,actvstrat=,0.932425, actvprof=,9.778698, id=,S09, PRDE,actvstrat=,0.678928, actvprof=,8.957671, best_B_id=,B06, best_B_prof=,4.104025, best_B_strat=,-0.852861, best_S_id=,S03, best_S_prof=,9.886223, best_S_strat=,0.909814, 
t=,158400, id=,B00, PRDE,actvstrat=,-0.534913, actvprof=,2.758678, id=,B01, PRDE,actvstrat=,0.091078, actvprof=,2.560042, id=,B02, PRDE,actvstrat=,-0.204864, actvprof=,2.477532, id=,B03, PRDE,actvstrat=,-0.243933, actvprof=,2.469892, id=,B04, PRDE,actvstrat=,0.472582, actvprof=,2.981762, id=,B05, PRDE,actvstrat=,0.015271, actvprof=,2.374463, id=,B06, PRDE,actvstrat=,-0.852861, actvprof=,4.097734, id=,B07, PRDE,actvstrat=,0.627524, actvprof=,2.931616, id=,B08, PRDE,actvstrat=,0.640132, actvprof=,2.776458, id=,B09, PRDE,actvstrat=,0.887454, actvprof=,2.323624, id=,S00, PRDE,actvstrat=,-0.121200, actvprof=,4.293314, id=,S01, PRDE,actvstrat=,-0.527422, actvprof=,2.345154, id=,S02, PRDE,actvstrat=,0.834482, actvprof=,9.689683, id=,S03, PRDE,actvstrat=,0.909814, actvprof=,10.003889, id=,S04, PRDE,actvstrat=,-0.677424, actvprof=,2.157770, id=,S05, PRDE,actvstrat=,0.573216, actvprof=,8.487311, id=,S06, PRDE,actvstrat=,0.165382, actvprof=,5.793224, id=,S07, PRDE,actvstrat=,-0.535169, actvprof=,2.792849, id=,S08, PRDE,actvstrat=,0.932425, actvprof=,9.750663, id=,S09, PRDE,actvstrat=,0.678928, actvprof=,8.901390, best_B_id=,B06, best_B_prof=,4.097734, best_B_strat=,-0.852861, best_S_id=,S03, best_S_prof=,10.003889, best_S_strat=,0.909814, 
t=,162000, id=,B00, PRDE,actvstrat=,-0.462853, actvprof=,2.503195, id=,B01, PRDE,actvstrat=,0.762876, actvprof=,2.804668, id=,B02, PRDE,actvstrat=,-0.252557, actvprof=,2.296471, id=,B03, PRDE,actvstrat=,0.563676, actvprof=,2.950264, id=,B04, PRDE,actvstrat=,0.102712, actvprof=,2.477355, id=,B05, PRDE,actvstrat=,-0.231485, actvprof=,2.442345, id=,B06, PRDE,actvstrat=,-0.852861, actvprof=,3.512920, id=,B07, PRDE,actvstrat=,0.627524, actvprof=,2.856071, id=,B08, PRDE,actvstrat=,0.600633, actvprof=,2.852459, id=,B09, PRDE,actvstrat=,0.621216, actvprof=,3.000000, id=,S00, PRDE,actvstrat=,0.012188, actvprof=,5.449291, id=,S01, PRDE,actvstrat=,-0.214806, actvprof=,3.318422, id=,S02, PRDE,actvstrat=,0.834482, actvprof=,9.934426, id=,S03, PRDE,actvstrat=,0.715321, actvprof=,9.127813, id=,S04, PRDE,actvstrat=,-0.677424, actvprof=,2.294526, id=,S05, PRDE,actvstrat=,0.643242, actvprof=,8.885802, id=,S06, PRDE,actvstrat=,-0.240930, actvprof=,3.330092, id=,S07, PRDE,actvstrat=,0.386710, actvprof=,7.502362, id=,S08, PRDE,actvstrat=,0.932425, actvprof=,9.906919, id=,S09, PRDE,actvstrat=,0.020940, actvprof=,5.513754, best_B_id=,B06, best_B_prof=,3.512920, best_B_strat=,-0.852861, best_S_id=,S02, best_S_prof=,9.934426, best_S_strat=,0.834482, 
t=,165600, id=,B00, PRDE,actvstrat=,-0.462853, actvprof=,2.483279, id=,B01, PRDE,actvstrat=,0.762876, actvprof=,2.728453, id=,B02, PRDE,actvstrat=,-0.252557, actvprof=,2.362983, id=,B03, PRDE,actvstrat=,0.563676, actvprof=,2.834024, id=,B04, PRDE,actvstrat=,0.102712, actvprof=,2.398822, id=,B05, PRDE,actvstrat=,-0.231485, actvprof=,2.291584, id=,B06, PRDE,actvstrat=,-0.852861, actvprof=,3.587051, id=,B07, PRDE,actvstrat=,0.627524, actvprof=,2.839720, id=,B08, PRDE,actvstrat=,0.600633, actvprof=,2.867640, id=,B09, PRDE,actvstrat=,0.621216, actvprof=,2.943068, id=,S00, PRDE,actvstrat=,0.012188, actvprof=,5.649852, id=,S01, PRDE,actvstrat=,-0.214806, actvprof=,3.407302, id=,S02, PRDE,actvstrat=,0.834482, actvprof=,10.001736, id=,S03, PRDE,actvstrat=,0.715321, actvprof=,9.178700, id=,S04, PRDE,actvstrat=,-0.677424, actvprof=,2.136700, id=,S05, PRDE,actvstrat=,0.643242, actvprof=,8.799617, id=,S06, PRDE,actvstrat=,-0.240930, actvprof=,3.371464, id=,S07, PRDE,actvstrat=,0.386710, actvprof=,7.279534, id=,S08, PRDE,actvstrat=,0.932425, actvprof=,9.938394, id=,S09, PRDE,actvstrat=,0.020940, actvprof=,5.780287, best_B_id=,B06, best_B_prof=,3.587051, best_B_strat=,-0.852861, best_S_id=,S02, best_S_prof=,10.001736, best_S_strat=,0.834482, 
t=,169200, id=,B00, PRDE,actvstrat=,-0.534913, actvprof=,2.790297, id=,B01, PRDE,actvstrat=,0.091078, actvprof=,2.563561, id=,B02, PRDE,actvstrat=,0.939063, actvprof=,1.741088, id=,B03, PRDE,actvstrat=,-0.709050, actvprof=,3.498569, id=,B04, PRDE,actvstrat=,-0.857996, actvprof=,4.421629, id=,B05, PRDE,actvstrat=,-0.321257, actvprof=,2.871711, id=,B06, PRDE,actvstrat=,-0.821725, actvprof=,3.996221, id=,B07, PRDE,actvstrat=,0.231045, actvprof=,2.768068, id=,B08, PRDE,actvstrat=,0.600633, actvprof=,3.261274, id=,B09, PRDE,actvstrat=,0.887454, actvprof=,2.444636, id=,S00, PRDE,actvstrat=,0.736039, actvprof=,9.112507, id=,S01, PRDE,actvstrat=,-0.170733, actvprof=,3.629442, id=,S02, PRDE,actvstrat=,0.956211, actvprof=,9.473172, id=,S03, PRDE,actvstrat=,-0.776550, actvprof=,1.204535, id=,S04, PRDE,actvstrat=,0.261719, actvprof=,6.768735, id=,S05, PRDE,actvstrat=,0.663972, actvprof=,8.786296, id=,S06, PRDE,actvstrat=,-0.559314, actvprof=,2.547167, id=,S07, PRDE,actvstrat=,0.487116, actvprof=,7.474228, id=,S08, PRDE,actvstrat=,0.987752, actvprof=,9.584317, id=,S09, PRDE,actvstrat=,0.678928, actvprof=,8.714607, best_B_id=,B04, best_B_prof=,4.421629, best_B_strat=,-0.857996, best_S_id=,S08, best_S_prof=,9.584317, best_S_strat=,0.987752, 
t=,172800, id=,B00, PRDE,actvstrat=,-0.534913, actvprof=,3.082554, id=,B01, PRDE,actvstrat=,0.091078, actvprof=,2.760561, id=,B02, PRDE,actvstrat=,0.939063, actvprof=,1.810693, id=,B03, PRDE,actvstrat=,-0.709050, actvprof=,3.720846, id=,B04, PRDE,actvstrat=,-0.857996, actvprof=,4.260512, id=,B05, PRDE,actvstrat=,-0.321257, actvprof=,2.857103, id=,B06, PRDE,actvstrat=,-0.821725, actvprof=,3.891706, id=,B07, PRDE,actvstrat=,0.231045, actvprof=,2.866410, id=,B08, PRDE,actvstrat=,0.600633, actvprof=,3.259804, id=,B09, PRDE,actvstrat=,0.887454, actvprof=,2.403284, id=,S00, PRDE,actvstrat=,0.736039, actvprof=,9.149453, id=,S01, PRDE,actvstrat=,-0.170733, actvprof=,3.606940, id=,S02, PRDE,actvstrat=,0.956211, actvprof=,9.453111, id=,S03, PRDE,actvstrat=,-0.776550, actvprof=,1.312145, id=,S04, PRDE,actvstrat=,0.261719, actvprof=,6.692134, id=,S05, PRDE,actvstrat=,0.663972, actvprof=,8.627290, id=,S06, PRDE,actvstrat=,-0.559314, actvprof=,2.436067, id=,S07, PRDE,actvstrat=,0.487116, actvprof=,7.594077, id=,S08, PRDE,actvstrat=,0.987752, actvprof=,9.459779, id=,S09, PRDE,actvstrat=,0.678928, actvprof=,8.770507, best_B_id=,B04, best_B_prof=,4.260512, best_B_strat=,-0.857996, best_S_id=,S08, best_S_prof=,9.459779, best_S_strat=,0.987752, 
t=,176400, id=,B00, PRDE,actvstrat=,-0.885441, actvprof=,2.603295, id=,B01, PRDE,actvstrat=,-0.655745, actvprof=,1.687738, id=,B02, PRDE,actvstrat=,0.939063, actvprof=,1.338742, id=,B03, PRDE,actvstrat=,-0.506642, actvprof=,1.434049, id=,B04, PRDE,actvstrat=,-0.857996, actvprof=,2.497430, id=,B05, PRDE,actvstrat=,0.016229, actvprof=,1.584651, id=,B06, PRDE,actvstrat=,-0.852861, actvprof=,2.443247, id=,B07, PRDE,actvstrat=,-0.610884, actvprof=,1.723304, id=,B08, PRDE,actvstrat=,-0.098034, actvprof=,1.504349, id=,B09, PRDE,actvstrat=,0.942775, actvprof=,1.318458, id=,S00, PRDE,actvstrat=,0.532467, actvprof=,8.236961, id=,S01, PRDE,actvstrat=,-0.170733, actvprof=,4.070133, id=,S02, PRDE,actvstrat=,0.956211, actvprof=,10.685487, id=,S03, PRDE,actvstrat=,-0.563476, actvprof=,2.920892, id=,S04, PRDE,actvstrat=,-0.677424, actvprof=,2.568840, id=,S05, PRDE,actvstrat=,0.334435, actvprof=,7.194421, id=,S06, PRDE,actvstrat=,-0.849237, actvprof=,0.767457, id=,S07, PRDE,actvstrat=,0.456694, actvprof=,8.304204, id=,S08, PRDE,actvstrat=,0.273051, actvprof=,7.277779, id=,S09, PRDE,actvstrat=,-0.551422, actvprof=,2.527439, best_B_id=,B00, best_B_prof=,2.603295, best_B_strat=,-0.885441, best_S_id=,S02, best_S_prof=,10.685487, best_S_strat=,0.956211, 
t=,180000, id=,B00, PRDE,actvstrat=,-0.885441, actvprof=,2.640283, id=,B01, PRDE,actvstrat=,-0.655745, actvprof=,1.684714, id=,B02, PRDE,actvstrat=,0.939063, actvprof=,1.403696, id=,B03, PRDE,actvstrat=,-0.506642, actvprof=,1.485793, id=,B04, PRDE,actvstrat=,-0.857996, actvprof=,2.488175, id=,B05, PRDE,actvstrat=,0.016229, actvprof=,1.599700, id=,B06, PRDE,actvstrat=,-0.852861, actvprof=,2.431361, id=,B07, PRDE,actvstrat=,-0.610884, actvprof=,1.675823, id=,B08, PRDE,actvstrat=,-0.098034, actvprof=,1.457177, id=,B09, PRDE,actvstrat=,0.942775, actvprof=,1.373553, id=,S00, PRDE,actvstrat=,0.532467, actvprof=,8.319384, id=,S01, PRDE,actvstrat=,-0.170733, actvprof=,3.996194, id=,S02, PRDE,actvstrat=,0.956211, actvprof=,10.736020, id=,S03, PRDE,actvstrat=,-0.563476, actvprof=,2.834619, id=,S04, PRDE,actvstrat=,-0.677424, actvprof=,2.527487, id=,S05, PRDE,actvstrat=,0.334435, actvprof=,7.352841, id=,S06, PRDE,actvstrat=,-0.849237, actvprof=,0.718726, id=,S07, PRDE,actvstrat=,0.456694, actvprof=,8.109073, id=,S08, PRDE,actvstrat=,0.273051, actvprof=,7.058489, id=,S09, PRDE,actvstrat=,-0.551422, actvprof=,2.707377, best_B_id=,B00, best_B_prof=,2.640283, best_B_strat=,-0.885441, best_S_id=,S02, best_S_prof=,10.736020, best_S_strat=,0.956211, 
t=,183600, id=,B00, PRDE,actvstrat=,0.541323, actvprof=,2.935660, id=,B01, PRDE,actvstrat=,0.210995, actvprof=,2.559429, id=,B02, PRDE,actvstrat=,0.207179, actvprof=,2.448282, id=,B03, PRDE,actvstrat=,-0.709050, actvprof=,2.996235, id=,B04, PRDE,actvstrat=,-0.857996, actvprof=,3.335510, id=,B05, PRDE,actvstrat=,0.088478, actvprof=,2.578046, id=,B06, PRDE,actvstrat=,-0.821725, actvprof=,3.359129, id=,B07, PRDE,actvstrat=,-0.959123, actvprof=,3.330508, id=,B08, PRDE,actvstrat=,0.891878, actvprof=,2.429387, id=,B09, PRDE,actvstrat=,0.887454, actvprof=,2.310182, id=,S00, PRDE,actvstrat=,-0.121200, actvprof=,4.183281, id=,S01, PRDE,actvstrat=,0.261345, actvprof=,6.671854, id=,S02, PRDE,actvstrat=,0.689477, actvprof=,8.888395, id=,S03, PRDE,actvstrat=,-0.023584, actvprof=,5.144421, id=,S04, PRDE,actvstrat=,0.398292, actvprof=,7.017242, id=,S05, PRDE,actvstrat=,0.465690, actvprof=,7.225364, id=,S06, PRDE,actvstrat=,0.693164, actvprof=,9.097351, id=,S07, PRDE,actvstrat=,0.474569, actvprof=,7.517679, id=,S08, PRDE,actvstrat=,0.001617, actvprof=,5.380608, id=,S09, PRDE,actvstrat=,0.678928, actvprof=,9.178488, best_B_id=,B06, best_B_prof=,3.359129, best_B_strat=,-0.821725, best_S_id=,S09, best_S_prof=,9.178488, best_S_strat=,0.678928, 
t=,187200, id=,B00, PRDE,actvstrat=,0.541323, actvprof=,2.840851, id=,B01, PRDE,actvstrat=,0.210995, actvprof=,2.601370, id=,B02, PRDE,actvstrat=,0.207179, actvprof=,2.512328, id=,B03, PRDE,actvstrat=,-0.709050, actvprof=,2.993513, id=,B04, PRDE,actvstrat=,-0.857996, actvprof=,3.408437, id=,B05, PRDE,actvstrat=,0.088478, actvprof=,2.445790, id=,B06, PRDE,actvstrat=,-0.821725, actvprof=,3.332315, id=,B07, PRDE,actvstrat=,-0.959123, actvprof=,3.357180, id=,B08, PRDE,actvstrat=,0.891878, actvprof=,2.534832, id=,B09, PRDE,actvstrat=,0.887454, actvprof=,2.332995, id=,S00, PRDE,actvstrat=,-0.121200, actvprof=,4.151051, id=,S01, PRDE,actvstrat=,0.261345, actvprof=,6.523913, id=,S02, PRDE,actvstrat=,0.689477, actvprof=,8.946922, id=,S03, PRDE,actvstrat=,-0.023584, actvprof=,5.214963, id=,S04, PRDE,actvstrat=,0.398292, actvprof=,7.050799, id=,S05, PRDE,actvstrat=,0.465690, actvprof=,7.530595, id=,S06, PRDE,actvstrat=,0.693164, actvprof=,9.048744, id=,S07, PRDE,actvstrat=,0.474569, actvprof=,7.434747, id=,S08, PRDE,actvstrat=,0.001617, actvprof=,5.544180, id=,S09, PRDE,actvstrat=,0.678928, actvprof=,8.976232, best_B_id=,B04, best_B_prof=,3.408437, best_B_strat=,-0.857996, best_S_id=,S06, best_S_prof=,9.048744, best_S_strat=,0.693164, 
t=,190800, id=,B00, PRDE,actvstrat=,0.541323, actvprof=,3.422299, id=,B01, PRDE,actvstrat=,0.123532, actvprof=,2.805696, id=,B02, PRDE,actvstrat=,0.207179, actvprof=,2.920181, id=,B03, PRDE,actvstrat=,0.563676, actvprof=,3.055505, id=,B04, PRDE,actvstrat=,-0.633765, actvprof=,3.671275, id=,B05, PRDE,actvstrat=,-0.225236, actvprof=,2.754845, id=,B06, PRDE,actvstrat=,-0.659313, actvprof=,3.775478, id=,B07, PRDE,actvstrat=,0.335589, actvprof=,3.433414, id=,B08, PRDE,actvstrat=,0.732322, actvprof=,3.073845, id=,B09, PRDE,actvstrat=,0.876785, actvprof=,2.394165, id=,S00, PRDE,actvstrat=,0.117589, actvprof=,5.856200, id=,S01, PRDE,actvstrat=,0.902160, actvprof=,9.936228, id=,S02, PRDE,actvstrat=,-0.692428, actvprof=,2.506982, id=,S03, PRDE,actvstrat=,0.715321, actvprof=,9.228482, id=,S04, PRDE,actvstrat=,0.968418, actvprof=,9.625009, id=,S05, PRDE,actvstrat=,0.334435, actvprof=,6.863494, id=,S06, PRDE,actvstrat=,0.237528, actvprof=,6.579785, id=,S07, PRDE,actvstrat=,0.239692, actvprof=,6.319139, id=,S08, PRDE,actvstrat=,0.932425, actvprof=,9.578604, id=,S09, PRDE,actvstrat=,-0.963470, actvprof=,1.678361, best_B_id=,B06, best_B_prof=,3.775478, best_B_strat=,-0.659313, best_S_id=,S01, best_S_prof=,9.936228, best_S_strat=,0.902160, 
t=,194400, id=,B00, PRDE,actvstrat=,0.541323, actvprof=,3.394339, id=,B01, PRDE,actvstrat=,0.123532, actvprof=,2.699496, id=,B02, PRDE,actvstrat=,0.207179, actvprof=,2.954263, id=,B03, PRDE,actvstrat=,0.563676, actvprof=,3.202500, id=,B04, PRDE,actvstrat=,-0.633765, actvprof=,3.481854, id=,B05, PRDE,actvstrat=,-0.225236, actvprof=,2.798541, id=,B06, PRDE,actvstrat=,-0.659313, actvprof=,3.714117, id=,B07, PRDE,actvstrat=,0.335589, actvprof=,3.167494, id=,B08, PRDE,actvstrat=,0.732322, actvprof=,3.037750, id=,B09, PRDE,actvstrat=,0.876785, actvprof=,2.410280, id=,S00, PRDE,actvstrat=,0.117589, actvprof=,6.017295, id=,S01, PRDE,actvstrat=,0.902160, actvprof=,10.069387, id=,S02, PRDE,actvstrat=,-0.692428, actvprof=,2.259698, id=,S03, PRDE,actvstrat=,0.715321, actvprof=,9.128807, id=,S04, PRDE,actvstrat=,0.968418, actvprof=,9.645147, id=,S05, PRDE,actvstrat=,0.334435, actvprof=,6.754784, id=,S06, PRDE,actvstrat=,0.237528, actvprof=,6.632263, id=,S07, PRDE,actvstrat=,0.239692, actvprof=,6.521688, id=,S08, PRDE,actvstrat=,0.932425, actvprof=,9.863796, id=,S09, PRDE,actvstrat=,-0.963470, actvprof=,1.552631, best_B_id=,B06, best_B_prof=,3.714117, best_B_strat=,-0.659313, best_S_id=,S01, best_S_prof=,10.069387, best_S_strat=,0.902160, 
t=,198000, id=,B00, PRDE,actvstrat=,0.737133, actvprof=,2.954719, id=,B01, PRDE,actvstrat=,0.536651, actvprof=,3.154516, id=,B02, PRDE,actvstrat=,-0.204864, actvprof=,2.578467, id=,B03, PRDE,actvstrat=,0.395116, actvprof=,3.037806, id=,B04, PRDE,actvstrat=,0.953601, actvprof=,1.557529, id=,B05, PRDE,actvstrat=,0.228910, actvprof=,2.588471, id=,B06, PRDE,actvstrat=,-0.305716, actvprof=,2.611257, id=,B07, PRDE,actvstrat=,0.262831, actvprof=,2.758257, id=,B08, PRDE,actvstrat=,0.517953, actvprof=,2.940825, id=,B09, PRDE,actvstrat=,0.276639, actvprof=,2.891362, id=,S00, PRDE,actvstrat=,0.736039, actvprof=,9.408528, id=,S01, PRDE,actvstrat=,-0.714166, actvprof=,2.165534, id=,S02, PRDE,actvstrat=,0.623906, actvprof=,9.148153, id=,S03, PRDE,actvstrat=,-0.138743, actvprof=,4.151557, id=,S04, PRDE,actvstrat=,0.398292, actvprof=,7.526156, id=,S05, PRDE,actvstrat=,0.663972, actvprof=,8.824976, id=,S06, PRDE,actvstrat=,0.480802, actvprof=,7.850166, id=,S07, PRDE,actvstrat=,-0.147440, actvprof=,3.979826, id=,S08, PRDE,actvstrat=,0.932425, actvprof=,10.318870, id=,S09, PRDE,actvstrat=,0.533922, actvprof=,8.412321, best_B_id=,B01, best_B_prof=,3.154516, best_B_strat=,0.536651, best_S_id=,S08, best_S_prof=,10.318870, best_S_strat=,0.932425, 
t=,201600, id=,B00, PRDE,actvstrat=,0.737133, actvprof=,2.914832, id=,B01, PRDE,actvstrat=,0.536651, actvprof=,3.089725, id=,B02, PRDE,actvstrat=,-0.204864, actvprof=,2.560740, id=,B03, PRDE,actvstrat=,0.395116, actvprof=,2.884826, id=,B04, PRDE,actvstrat=,0.953601, actvprof=,1.541112, id=,B05, PRDE,actvstrat=,0.228910, actvprof=,2.797866, id=,B06, PRDE,actvstrat=,-0.305716, actvprof=,2.608804, id=,B07, PRDE,actvstrat=,0.262831, actvprof=,2.586161, id=,B08, PRDE,actvstrat=,0.517953, actvprof=,2.977621, id=,B09, PRDE,actvstrat=,0.276639, actvprof=,2.866629, id=,S00, PRDE,actvstrat=,0.736039, actvprof=,9.657716, id=,S01, PRDE,actvstrat=,-0.714166, actvprof=,2.203592, id=,S02, PRDE,actvstrat=,0.623906, actvprof=,9.057469, id=,S03, PRDE,actvstrat=,-0.138743, actvprof=,4.153389, id=,S04, PRDE,actvstrat=,0.398292, actvprof=,7.699168, id=,S05, PRDE,actvstrat=,0.663972, actvprof=,8.989679, id=,S06, PRDE,actvstrat=,0.480802, actvprof=,7.794185, id=,S07, PRDE,actvstrat=,-0.147440, actvprof=,4.096573, id=,S08, PRDE,actvstrat=,0.932425, actvprof=,10.319780, id=,S09, PRDE,actvstrat=,0.533922, actvprof=,8.206898, best_B_id=,B01, best_B_prof=,3.089725, best_B_strat=,0.536651, best_S_id=,S08, best_S_prof=,10.319780, best_S_strat=,0.932425, 
t=,205200, id=,B00, PRDE,actvstrat=,-0.829493, actvprof=,4.426938, id=,B01, PRDE,actvstrat=,0.762876, actvprof=,3.562725, id=,B02, PRDE,actvstrat=,0.207179, actvprof=,3.419060, id=,B03, PRDE,actvstrat=,0.563676, actvprof=,3.628305, id=,B04, PRDE,actvstrat=,0.953601, actvprof=,2.105790, id=,B05, PRDE,actvstrat=,-0.321257, actvprof=,3.218151, id=,B06, PRDE,actvstrat=,-0.821725, actvprof=,4.200742, id=,B07, PRDE,actvstrat=,0.627524, actvprof=,3.630250, id=,B08, PRDE,actvstrat=,-0.098034, actvprof=,3.088102, id=,B09, PRDE,actvstrat=,0.276639, actvprof=,3.641643, id=,S00, PRDE,actvstrat=,0.117589, actvprof=,5.764662, id=,S01, PRDE,actvstrat=,0.261345, actvprof=,6.574132, id=,S02, PRDE,actvstrat=,0.956211, actvprof=,9.448821, id=,S03, PRDE,actvstrat=,0.093720, actvprof=,5.511233, id=,S04, PRDE,actvstrat=,0.261719, actvprof=,5.970017, id=,S05, PRDE,actvstrat=,0.213647, actvprof=,5.980854, id=,S06, PRDE,actvstrat=,0.165382, actvprof=,6.098398, id=,S07, PRDE,actvstrat=,0.474569, actvprof=,7.823767, id=,S08, PRDE,actvstrat=,0.987752, actvprof=,8.670196, id=,S09, PRDE,actvstrat=,0.678928, actvprof=,8.720215, best_B_id=,B00, best_B_prof=,4.426938, best_B_strat=,-0.829493, best_S_id=,S02, best_S_prof=,9.448821, best_S_strat=,0.956211, 
t=,208800, id=,B00, PRDE,actvstrat=,-0.829493, actvprof=,4.346540, id=,B01, PRDE,actvstrat=,0.762876, actvprof=,3.341900, id=,B02, PRDE,actvstrat=,0.207179, actvprof=,3.348846, id=,B03, PRDE,actvstrat=,0.563676, actvprof=,3.682661, id=,B04, PRDE,actvstrat=,0.953601, actvprof=,1.899119, id=,B05, PRDE,actvstrat=,-0.321257, actvprof=,3.192426, id=,B06, PRDE,actvstrat=,-0.821725, actvprof=,4.415581, id=,B07, PRDE,actvstrat=,0.627524, actvprof=,3.561387, id=,B08, PRDE,actvstrat=,-0.098034, actvprof=,3.078932, id=,B09, PRDE,actvstrat=,0.276639, actvprof=,3.305643, id=,S00, PRDE,actvstrat=,0.117589, actvprof=,5.886561, id=,S01, PRDE,actvstrat=,0.261345, actvprof=,6.521963, id=,S02, PRDE,actvstrat=,0.956211, actvprof=,9.409746, id=,S03, PRDE,actvstrat=,0.093720, actvprof=,5.452866, id=,S04, PRDE,actvstrat=,0.261719, actvprof=,6.267608, id=,S05, PRDE,actvstrat=,0.213647, actvprof=,6.025338, id=,S06, PRDE,actvstrat=,0.165382, actvprof=,5.935460, id=,S07, PRDE,actvstrat=,0.474569, actvprof=,7.747062, id=,S08, PRDE,actvstrat=,0.987752, actvprof=,9.092185, id=,S09, PRDE,actvstrat=,0.678928, actvprof=,8.597505, best_B_id=,B06, best_B_prof=,4.415581, best_B_strat=,-0.821725, best_S_id=,S02, best_S_prof=,9.409746, best_S_strat=,0.956211, 
t=,212400, id=,B00, PRDE,actvstrat=,-0.885441, actvprof=,4.515053, id=,B01, PRDE,actvstrat=,0.028842, actvprof=,3.009850, id=,B02, PRDE,actvstrat=,0.771598, actvprof=,3.239646, id=,B03, PRDE,actvstrat=,-0.243933, actvprof=,3.220195, id=,B04, PRDE,actvstrat=,-0.857996, actvprof=,4.500326, id=,B05, PRDE,actvstrat=,-0.598424, actvprof=,3.262153, id=,B06, PRDE,actvstrat=,-0.630672, actvprof=,3.453603, id=,B07, PRDE,actvstrat=,0.231045, actvprof=,3.277714, id=,B08, PRDE,actvstrat=,0.891878, actvprof=,2.498854, id=,B09, PRDE,actvstrat=,0.088742, actvprof=,2.991233, id=,S00, PRDE,actvstrat=,0.988010, actvprof=,8.524112, id=,S01, PRDE,actvstrat=,0.261345, actvprof=,6.201148, id=,S02, PRDE,actvstrat=,-0.234672, actvprof=,2.891757, id=,S03, PRDE,actvstrat=,0.909814, actvprof=,9.324645, id=,S04, PRDE,actvstrat=,0.398292, actvprof=,6.840796, id=,S05, PRDE,actvstrat=,0.663972, actvprof=,8.369062, id=,S06, PRDE,actvstrat=,0.693164, actvprof=,8.292371, id=,S07, PRDE,actvstrat=,0.888823, actvprof=,9.293802, id=,S08, PRDE,actvstrat=,-0.774314, actvprof=,1.184823, id=,S09, PRDE,actvstrat=,-0.523643, actvprof=,2.384373, best_B_id=,B00, best_B_prof=,4.515053, best_B_strat=,-0.885441, best_S_id=,S03, best_S_prof=,9.324645, best_S_strat=,0.909814, 
t=,216000, id=,B00, PRDE,actvstrat=,-0.885441, actvprof=,4.344148, id=,B01, PRDE,actvstrat=,0.028842, actvprof=,2.914713, id=,B02, PRDE,actvstrat=,0.771598, actvprof=,3.231439, id=,B03, PRDE,actvstrat=,-0.243933, actvprof=,3.012926, id=,B04, PRDE,actvstrat=,-0.857996, actvprof=,4.425969, id=,B05, PRDE,actvstrat=,-0.598424, actvprof=,3.241024, id=,B06, PRDE,actvstrat=,-0.630672, actvprof=,3.572614, id=,B07, PRDE,actvstrat=,0.231045, actvprof=,3.217548, id=,B08, PRDE,actvstrat=,0.891878, actvprof=,2.503247, id=,B09, PRDE,actvstrat=,0.088742, actvprof=,2.905823, id=,S00, PRDE,actvstrat=,0.988010, actvprof=,8.863884, id=,S01, PRDE,actvstrat=,0.261345, actvprof=,6.145875, id=,S02, PRDE,actvstrat=,-0.234672, actvprof=,2.850118, id=,S03, PRDE,actvstrat=,0.909814, actvprof=,9.404958, id=,S04, PRDE,actvstrat=,0.398292, actvprof=,6.821974, id=,S05, PRDE,actvstrat=,0.663972, actvprof=,8.351288, id=,S06, PRDE,actvstrat=,0.693164, actvprof=,8.195009, id=,S07, PRDE,actvstrat=,0.888823, actvprof=,9.236176, id=,S08, PRDE,actvstrat=,-0.774314, actvprof=,1.234954, id=,S09, PRDE,actvstrat=,-0.523643, actvprof=,2.488939, best_B_id=,B04, best_B_prof=,4.425969, best_B_strat=,-0.857996, best_S_id=,S03, best_S_prof=,9.404958, best_S_strat=,0.909814, 
t=,219600, id=,B00, PRDE,actvstrat=,-0.534913, actvprof=,1.734890, id=,B01, PRDE,actvstrat=,-0.248420, actvprof=,1.609282, id=,B02, PRDE,actvstrat=,-0.204864, actvprof=,1.413645, id=,B03, PRDE,actvstrat=,-0.742911, actvprof=,2.392942, id=,B04, PRDE,actvstrat=,0.784709, actvprof=,2.232319, id=,B05, PRDE,actvstrat=,-0.321257, actvprof=,1.444213, id=,B06, PRDE,actvstrat=,-0.852861, actvprof=,2.738085, id=,B07, PRDE,actvstrat=,0.335589, actvprof=,1.867167, id=,B08, PRDE,actvstrat=,0.517953, actvprof=,2.153675, id=,B09, PRDE,actvstrat=,-0.122979, actvprof=,1.685147, id=,S00, PRDE,actvstrat=,-0.677894, actvprof=,1.778797, id=,S01, PRDE,actvstrat=,-0.872013, actvprof=,0.477977, id=,S02, PRDE,actvstrat=,0.956211, actvprof=,10.008893, id=,S03, PRDE,actvstrat=,-0.138743, actvprof=,4.034737, id=,S04, PRDE,actvstrat=,0.261719, actvprof=,6.454078, id=,S05, PRDE,actvstrat=,-0.679875, actvprof=,2.235932, id=,S06, PRDE,actvstrat=,0.113908, actvprof=,5.669862, id=,S07, PRDE,actvstrat=,-0.469407, actvprof=,2.729193, id=,S08, PRDE,actvstrat=,0.935270, actvprof=,10.048909, id=,S09, PRDE,actvstrat=,-0.492757, actvprof=,2.561901, best_B_id=,B06, best_B_prof=,2.738085, best_B_strat=,-0.852861, best_S_id=,S08, best_S_prof=,10.048909, best_S_strat=,0.935270, 
t=,223200, id=,B00, PRDE,actvstrat=,-0.534913, actvprof=,1.735488, id=,B01, PRDE,actvstrat=,-0.248420, actvprof=,1.534059, id=,B02, PRDE,actvstrat=,-0.204864, actvprof=,1.460850, id=,B03, PRDE,actvstrat=,-0.742911, actvprof=,2.348945, id=,B04, PRDE,actvstrat=,0.784709, actvprof=,2.248925, id=,B05, PRDE,actvstrat=,-0.321257, actvprof=,1.486549, id=,B06, PRDE,actvstrat=,-0.852861, actvprof=,2.876829, id=,B07, PRDE,actvstrat=,0.335589, actvprof=,1.968730, id=,B08, PRDE,actvstrat=,0.517953, actvprof=,2.226004, id=,B09, PRDE,actvstrat=,-0.122979, actvprof=,1.643525, id=,S00, PRDE,actvstrat=,-0.677894, actvprof=,2.112648, id=,S01, PRDE,actvstrat=,-0.872013, actvprof=,0.437310, id=,S02, PRDE,actvstrat=,0.956211, actvprof=,10.020629, id=,S03, PRDE,actvstrat=,-0.138743, actvprof=,3.850637, id=,S04, PRDE,actvstrat=,0.261719, actvprof=,6.437685, id=,S05, PRDE,actvstrat=,-0.679875, actvprof=,2.150850, id=,S06, PRDE,actvstrat=,0.113908, actvprof=,5.967591, id=,S07, PRDE,actvstrat=,-0.469407, actvprof=,2.841683, id=,S08, PRDE,actvstrat=,0.935270, actvprof=,10.107591, id=,S09, PRDE,actvstrat=,-0.492757, actvprof=,2.556765, best_B_id=,B06, best_B_prof=,2.876829, best_B_strat=,-0.852861, best_S_id=,S08, best_S_prof=,10.107591, best_S_strat=,0.935270, 
t=,226800, id=,B00, PRDE,actvstrat=,0.737133, actvprof=,2.245411, id=,B01, PRDE,actvstrat=,0.762876, actvprof=,1.908600, id=,B02, PRDE,actvstrat=,-0.725737, actvprof=,1.885256, id=,B03, PRDE,actvstrat=,-0.871374, actvprof=,2.717281, id=,B04, PRDE,actvstrat=,-0.857996, actvprof=,2.402423, id=,B05, PRDE,actvstrat=,0.752756, actvprof=,1.985021, id=,B06, PRDE,actvstrat=,-0.821725, actvprof=,2.077561, id=,B07, PRDE,actvstrat=,-0.241148, actvprof=,1.423946, id=,B08, PRDE,actvstrat=,0.640132, actvprof=,1.953063, id=,B09, PRDE,actvstrat=,0.887454, actvprof=,1.711014, id=,S00, PRDE,actvstrat=,0.979224, actvprof=,10.956106, id=,S01, PRDE,actvstrat=,0.902160, actvprof=,11.234004, id=,S02, PRDE,actvstrat=,0.179513, actvprof=,7.200322, id=,S03, PRDE,actvstrat=,-0.138743, actvprof=,4.438856, id=,S04, PRDE,actvstrat=,-0.637026, actvprof=,2.610846, id=,S05, PRDE,actvstrat=,0.465690, actvprof=,8.605650, id=,S06, PRDE,actvstrat=,0.480802, actvprof=,8.760994, id=,S07, PRDE,actvstrat=,-0.312976, actvprof=,3.442593, id=,S08, PRDE,actvstrat=,0.125737, actvprof=,7.009963, id=,S09, PRDE,actvstrat=,-0.109243, actvprof=,4.536120, best_B_id=,B03, best_B_prof=,2.717281, best_B_strat=,-0.871374, best_S_id=,S01, best_S_prof=,11.234004, best_S_strat=,0.902160, 
t=,230400, id=,B00, PRDE,actvstrat=,0.737133, actvprof=,2.152963, id=,B01, PRDE,actvstrat=,0.762876, actvprof=,2.009877, id=,B02, PRDE,actvstrat=,-0.725737, actvprof=,1.833589, id=,B03, PRDE,actvstrat=,-0.871374, actvprof=,2.686412, id=,B04, PRDE,actvstrat=,-0.857996, actvprof=,2.525683, id=,B05, PRDE,actvstrat=,0.752756, actvprof=,1.942085, id=,B06, PRDE,actvstrat=,-0.821725, actvprof=,2.288687, id=,B07, PRDE,actvstrat=,-0.241148, actvprof=,1.417944, id=,B08, PRDE,actvstrat=,0.640132, actvprof=,1.992929, id=,B09, PRDE,actvstrat=,0.887454, actvprof=,1.713285, id=,S00, PRDE,actvstrat=,0.979224, actvprof=,10.938188, id=,S01, PRDE,actvstrat=,0.902160, actvprof=,11.301600, id=,S02, PRDE,actvstrat=,0.179513, actvprof=,6.999562, id=,S03, PRDE,actvstrat=,-0.138743, actvprof=,4.520557, id=,S04, PRDE,actvstrat=,-0.637026, actvprof=,2.632789, id=,S05, PRDE,actvstrat=,0.465690, actvprof=,8.508359, id=,S06, PRDE,actvstrat=,0.480802, actvprof=,8.706735, id=,S07, PRDE,actvstrat=,-0.312976, actvprof=,3.542429, id=,S08, PRDE,actvstrat=,0.125737, actvprof=,6.882037, id=,S09, PRDE,actvstrat=,-0.109243, actvprof=,4.679063, best_B_id=,B03, best_B_prof=,2.686412, best_B_strat=,-0.871374, best_S_id=,S01, best_S_prof=,11.301600, best_S_strat=,0.902160, 
t=,234000, id=,B00, PRDE,actvstrat=,0.737133, actvprof=,2.955799, id=,B01, PRDE,actvstrat=,0.091078, actvprof=,2.430558, id=,B02, PRDE,actvstrat=,-0.579603, actvprof=,3.124766, id=,B03, PRDE,actvstrat=,0.491332, actvprof=,2.860478, id=,B04, PRDE,actvstrat=,-0.635688, actvprof=,3.146720, id=,B05, PRDE,actvstrat=,0.088478, actvprof=,2.444454, id=,B06, PRDE,actvstrat=,-0.099060, actvprof=,2.374144, id=,B07, PRDE,actvstrat=,-0.959123, actvprof=,3.598872, id=,B08, PRDE,actvstrat=,0.199144, actvprof=,2.701794, id=,B09, PRDE,actvstrat=,0.133388, actvprof=,2.791557, id=,S00, PRDE,actvstrat=,-0.121200, actvprof=,3.792016, id=,S01, PRDE,actvstrat=,0.261345, actvprof=,5.875193, id=,S02, PRDE,actvstrat=,-0.131571, actvprof=,3.741159, id=,S03, PRDE,actvstrat=,0.786243, actvprof=,9.340114, id=,S04, PRDE,actvstrat=,0.054404, actvprof=,5.056206, id=,S05, PRDE,actvstrat=,0.465690, actvprof=,6.988481, id=,S06, PRDE,actvstrat=,0.652731, actvprof=,8.152626, id=,S07, PRDE,actvstrat=,0.487116, actvprof=,7.683800, id=,S08, PRDE,actvstrat=,0.001617, actvprof=,5.335223, id=,S09, PRDE,actvstrat=,0.020940, actvprof=,5.024803, best_B_id=,B07, best_B_prof=,3.598872, best_B_strat=,-0.959123, best_S_id=,S03, best_S_prof=,9.340114, best_S_strat=,0.786243, 
t=,237600, id=,B00, PRDE,actvstrat=,0.737133, actvprof=,3.057784, id=,B01, PRDE,actvstrat=,0.091078, actvprof=,2.529607, id=,B02, PRDE,actvstrat=,-0.579603, actvprof=,2.910250, id=,B03, PRDE,actvstrat=,0.491332, actvprof=,2.878437, id=,B04, PRDE,actvstrat=,-0.635688, actvprof=,3.140859, id=,B05, PRDE,actvstrat=,0.088478, actvprof=,2.510159, id=,B06, PRDE,actvstrat=,-0.099060, actvprof=,2.371516, id=,B07, PRDE,actvstrat=,-0.959123, actvprof=,3.641807, id=,B08, PRDE,actvstrat=,0.199144, actvprof=,2.775497, id=,B09, PRDE,actvstrat=,0.133388, actvprof=,2.654775, id=,S00, PRDE,actvstrat=,-0.121200, actvprof=,3.709044, id=,S01, PRDE,actvstrat=,0.261345, actvprof=,5.950669, id=,S02, PRDE,actvstrat=,-0.131571, actvprof=,3.793508, id=,S03, PRDE,actvstrat=,0.786243, actvprof=,9.353810, id=,S04, PRDE,actvstrat=,0.054404, actvprof=,5.172435, id=,S05, PRDE,actvstrat=,0.465690, actvprof=,7.057867, id=,S06, PRDE,actvstrat=,0.652731, actvprof=,8.320240, id=,S07, PRDE,actvstrat=,0.487116, actvprof=,7.446290, id=,S08, PRDE,actvstrat=,0.001617, actvprof=,5.177714, id=,S09, PRDE,actvstrat=,0.020940, actvprof=,5.023790, best_B_id=,B07, best_B_prof=,3.641807, best_B_strat=,-0.959123, best_S_id=,S03, best_S_prof=,9.353810, best_S_strat=,0.786243, 
t=,241200, id=,B00, PRDE,actvstrat=,-0.885441, actvprof=,4.716475, id=,B01, PRDE,actvstrat=,0.762876, actvprof=,3.343384, id=,B02, PRDE,actvstrat=,-0.204864, actvprof=,2.971279, id=,B03, PRDE,actvstrat=,-0.243933, actvprof=,3.116620, id=,B04, PRDE,actvstrat=,0.940179, actvprof=,2.113132, id=,B05, PRDE,actvstrat=,0.752756, actvprof=,3.067988, id=,B06, PRDE,actvstrat=,-0.630672, actvprof=,3.627117, id=,B07, PRDE,actvstrat=,-0.814008, actvprof=,4.263502, id=,B08, PRDE,actvstrat=,-0.261610, actvprof=,3.006016, id=,B09, PRDE,actvstrat=,0.088742, actvprof=,2.998791, id=,S00, PRDE,actvstrat=,0.988010, actvprof=,9.028054, id=,S01, PRDE,actvstrat=,0.261345, actvprof=,5.858911, id=,S02, PRDE,actvstrat=,0.834482, actvprof=,9.147550, id=,S03, PRDE,actvstrat=,-0.023584, actvprof=,4.839862, id=,S04, PRDE,actvstrat=,0.261719, actvprof=,6.150426, id=,S05, PRDE,actvstrat=,-0.636275, actvprof=,2.052828, id=,S06, PRDE,actvstrat=,0.693164, actvprof=,8.514221, id=,S07, PRDE,actvstrat=,-0.312976, actvprof=,3.026025, id=,S08, PRDE,actvstrat=,0.932425, actvprof=,9.475191, id=,S09, PRDE,actvstrat=,0.423110, actvprof=,7.080549, best_B_id=,B00, best_B_prof=,4.716475, best_B_strat=,-0.885441, best_S_id=,S08, best_S_prof=,9.475191, best_S_strat=,0.932425, 
t=,244800, id=,B00, PRDE,actvstrat=,-0.885441, actvprof=,4.618035, id=,B01, PRDE,actvstrat=,0.762876, actvprof=,3.415945, id=,B02, PRDE,actvstrat=,-0.204864, actvprof=,2.991679, id=,B03, PRDE,actvstrat=,-0.243933, actvprof=,3.022658, id=,B04, PRDE,actvstrat=,0.940179, actvprof=,2.128419, id=,B05, PRDE,actvstrat=,0.752756, actvprof=,3.176028, id=,B06, PRDE,actvstrat=,-0.630672, actvprof=,3.592376, id=,B07, PRDE,actvstrat=,-0.814008, actvprof=,4.451190, id=,B08, PRDE,actvstrat=,-0.261610, actvprof=,2.993068, id=,B09, PRDE,actvstrat=,0.088742, actvprof=,3.028910, id=,S00, PRDE,actvstrat=,0.988010, actvprof=,8.932943, id=,S01, PRDE,actvstrat=,0.261345, actvprof=,6.086437, id=,S02, PRDE,actvstrat=,0.834482, actvprof=,9.244961, id=,S03, PRDE,actvstrat=,-0.023584, actvprof=,4.937277, id=,S04, PRDE,actvstrat=,0.261719, actvprof=,6.134226, id=,S05, PRDE,actvstrat=,-0.636275, actvprof=,2.125919, id=,S06, PRDE,actvstrat=,0.693164, actvprof=,8.487421, id=,S07, PRDE,actvstrat=,-0.312976, actvprof=,2.982232, id=,S08, PRDE,actvstrat=,0.932425, actvprof=,9.417779, id=,S09, PRDE,actvstrat=,0.423110, actvprof=,7.044719, best_B_id=,B00, best_B_prof=,4.618035, best_B_strat=,-0.885441, best_S_id=,S08, best_S_prof=,9.417779, best_S_strat=,0.932425, 
t=,248400, id=,B00, PRDE,actvstrat=,0.914897, actvprof=,2.586849, id=,B01, PRDE,actvstrat=,-0.375088, actvprof=,3.666556, id=,B02, PRDE,actvstrat=,0.939063, actvprof=,2.218887, id=,B03, PRDE,actvstrat=,0.091630, actvprof=,3.088489, id=,B04, PRDE,actvstrat=,0.224296, actvprof=,3.894447, id=,B05, PRDE,actvstrat=,-0.222660, actvprof=,3.565116, id=,B06, PRDE,actvstrat=,-0.305716, actvprof=,3.573175, id=,B07, PRDE,actvstrat=,0.679792, actvprof=,3.749375, id=,B08, PRDE,actvstrat=,0.891878, actvprof=,2.760269, id=,B09, PRDE,actvstrat=,0.887454, actvprof=,2.667167, id=,S00, PRDE,actvstrat=,0.736039, actvprof=,9.371630, id=,S01, PRDE,actvstrat=,0.261345, actvprof=,7.081041, id=,S02, PRDE,actvstrat=,0.956211, actvprof=,9.849925, id=,S03, PRDE,actvstrat=,0.292589, actvprof=,7.588239, id=,S04, PRDE,actvstrat=,-0.470846, actvprof=,3.055417, id=,S05, PRDE,actvstrat=,0.663972, actvprof=,9.284920, id=,S06, PRDE,actvstrat=,0.165382, actvprof=,6.610250, id=,S07, PRDE,actvstrat=,0.474569, actvprof=,8.210494, id=,S08, PRDE,actvstrat=,0.932425, actvprof=,9.811850, id=,S09, PRDE,actvstrat=,0.360152, actvprof=,7.532099, best_B_id=,B04, best_B_prof=,3.894447, best_B_strat=,0.224296, best_S_id=,S02, best_S_prof=,9.849925, best_S_strat=,0.956211, 
t=,252000, id=,B00, PRDE,actvstrat=,0.914897, actvprof=,2.484927, id=,B01, PRDE,actvstrat=,-0.375088, actvprof=,3.558112, id=,B02, PRDE,actvstrat=,0.939063, actvprof=,2.175405, id=,B03, PRDE,actvstrat=,0.091630, actvprof=,3.140368, id=,B04, PRDE,actvstrat=,0.224296, actvprof=,3.619933, id=,B05, PRDE,actvstrat=,-0.222660, actvprof=,3.553666, id=,B06, PRDE,actvstrat=,-0.305716, actvprof=,3.359868, id=,B07, PRDE,actvstrat=,0.679792, actvprof=,3.667445, id=,B08, PRDE,actvstrat=,0.891878, actvprof=,2.687200, id=,B09, PRDE,actvstrat=,0.887454, actvprof=,2.614681, id=,S00, PRDE,actvstrat=,0.736039, actvprof=,9.633519, id=,S01, PRDE,actvstrat=,0.261345, actvprof=,7.097191, id=,S02, PRDE,actvstrat=,0.956211, actvprof=,9.688950, id=,S03, PRDE,actvstrat=,0.292589, actvprof=,7.367397, id=,S04, PRDE,actvstrat=,-0.470846, actvprof=,3.012837, id=,S05, PRDE,actvstrat=,0.663972, actvprof=,9.101581, id=,S06, PRDE,actvstrat=,0.165382, actvprof=,6.705843, id=,S07, PRDE,actvstrat=,0.474569, actvprof=,8.055347, id=,S08, PRDE,actvstrat=,0.932425, actvprof=,9.865383, id=,S09, PRDE,actvstrat=,0.360152, actvprof=,7.548693, best_B_id=,B07, best_B_prof=,3.667445, best_B_strat=,0.679792, best_S_id=,S08, best_S_prof=,9.865383, best_S_strat=,0.932425, 
t=,255600, id=,B00, PRDE,actvstrat=,0.541323, actvprof=,3.167139, id=,B01, PRDE,actvstrat=,0.536651, actvprof=,3.131288, id=,B02, PRDE,actvstrat=,-0.725737, actvprof=,3.488411, id=,B03, PRDE,actvstrat=,-0.709050, actvprof=,3.378078, id=,B04, PRDE,actvstrat=,-0.857996, actvprof=,4.192096, id=,B05, PRDE,actvstrat=,0.752756, actvprof=,2.819187, id=,B06, PRDE,actvstrat=,-0.630672, actvprof=,2.793063, id=,B07, PRDE,actvstrat=,0.328673, actvprof=,2.780001, id=,B08, PRDE,actvstrat=,0.891878, actvprof=,2.348952, id=,B09, PRDE,actvstrat=,0.887454, actvprof=,2.249736, id=,S00, PRDE,actvstrat=,0.532467, actvprof=,8.026791, id=,S01, PRDE,actvstrat=,0.902160, actvprof=,9.993052, id=,S02, PRDE,actvstrat=,0.623906, actvprof=,8.599855, id=,S03, PRDE,actvstrat=,-0.776550, actvprof=,1.817020, id=,S04, PRDE,actvstrat=,0.261719, actvprof=,6.795898, id=,S05, PRDE,actvstrat=,0.643242, actvprof=,8.703518, id=,S06, PRDE,actvstrat=,0.560271, actvprof=,8.058474, id=,S07, PRDE,actvstrat=,0.496530, actvprof=,8.137958, id=,S08, PRDE,actvstrat=,0.935270, actvprof=,10.177589, id=,S09, PRDE,actvstrat=,-0.109243, actvprof=,4.416653, best_B_id=,B04, best_B_prof=,4.192096, best_B_strat=,-0.857996, best_S_id=,S08, best_S_prof=,10.177589, best_S_strat=,0.935270, 
t=,259200, id=,B00, PRDE,actvstrat=,0.541323, actvprof=,3.051243, id=,B01, PRDE,actvstrat=,0.536651, actvprof=,3.222123, id=,B02, PRDE,actvstrat=,-0.725737, actvprof=,3.475941, id=,B03, PRDE,actvstrat=,-0.709050, actvprof=,3.429401, id=,B04, PRDE,actvstrat=,-0.857996, actvprof=,4.029564, id=,B05, PRDE,actvstrat=,0.752756, actvprof=,2.834796, id=,B06, PRDE,actvstrat=,-0.630672, actvprof=,2.886615, id=,B07, PRDE,actvstrat=,0.328673, actvprof=,2.819930, id=,B08, PRDE,actvstrat=,0.891878, actvprof=,2.304235, id=,B09, PRDE,actvstrat=,0.887454, actvprof=,2.292287, id=,S00, PRDE,actvstrat=,0.532467, actvprof=,8.045373, id=,S01, PRDE,actvstrat=,0.902160, actvprof=,10.063698, id=,S02, PRDE,actvstrat=,0.623906, actvprof=,8.686519, id=,S03, PRDE,actvstrat=,-0.776550, actvprof=,1.666562, id=,S04, PRDE,actvstrat=,0.261719, actvprof=,6.640548, id=,S05, PRDE,actvstrat=,0.643242, actvprof=,8.785018, id=,S06, PRDE,actvstrat=,0.560271, actvprof=,8.031203, id=,S07, PRDE,actvstrat=,0.496530, actvprof=,8.017449, id=,S08, PRDE,actvstrat=,0.935270, actvprof=,10.162891, id=,S09, PRDE,actvstrat=,-0.109243, actvprof=,4.371878, best_B_id=,B04, best_B_prof=,4.029564, best_B_strat=,-0.857996, best_S_id=,S08, best_S_prof=,10.162891, best_S_strat=,0.935270, 
